,Name,Platform,Year_of_Release,Genre,Publisher,NA_Sales,EU_Sales,JP_Sales,Other_Sales,Global_Sales,Critic_Score,Critic_Count,User_Score,User_Count,Developer,Rating
0,Madden NFL 2004,PS2,2003.0,Sports,Electronic Arts,4.26,0.26,0.01,0.71,5.23,94.0,29.0,8.5,140.0,EA Tiburon,E
1,FIFA Soccer 2004,PS2,2003.0,Sports,Electronic Arts,0.59,2.36,0.04,0.51,3.49,84.0,20.0,6.4,76.0,EA Canada,E
2,LEGO Batman: The Videogame,Wii,2008.0,Action,Warner Bros. Interactive Entertainment,1.8,0.97,0.0,0.29,3.06,74.0,17.0,7.9,22.0,Traveller's Tales,E10+
3,wwe Smackdown vs. Raw 2006,PS2,,Fighting,,1.57,1.02,0.0,0.41,3.0,,,,,,
4,Space Invaders,2600,2005.0,Shooter,Atari,2.36,0.14,0.0,0.03,2.53,,,,,,
5,Rock Band,X360,2011.0,Misc,Electronic Arts,1.93,0.33,0.0,0.21,2.47,92.0,72.0,8.2,178.0,Harmonix Music Systems,T
6,Frogger's Adventures: Temple of the Frog,GBA,2001.0,Adventure,Konami Digital Entertainment,2.15,0.18,0.0,0.07,2.39,73.0,4.0,tbd,,Konami Computer Entertainment Hawaii,E
7,LEGO Indiana Jones: The Original Adventures,Wii,2008.0,Action,LucasArts,1.51,0.61,0.0,0.21,2.34,78.0,22.0,6.6,28.0,Traveller's Tales,E10+
8,Call of Duty 3,Wii,2007.0,Shooter,Activision,1.17,0.84,0.0,0.23,2.24,69.0,42.0,6.7,61.0,Exakt,T
9,Rock Band,Wii,2011.0,Misc,MTV Games,1.33,0.56,0.0,0.2,2.08,80.0,21.0,6.3,37.0,Harmonix Music Systems,T
10,Gran Turismo Concept 2001 Tokyo,PS2,2001.0,Racing,,0.0,1.1,0.42,0.33,1.84,,,,,,
11,Call of Duty: Black Ops,PC,2013.0,Shooter,Activision,0.58,0.81,0.0,0.23,1.63,81.0,29.0,5.2,1651.0,Treyarch,M
12,Rock Band,PS3,2011.0,Misc,Electronic Arts,0.99,0.41,0.0,0.22,1.62,92.0,35.0,8.4,107.0,Harmonix Music Systems,T
13,Triple Play 99,PS,1998.0,Sports,,0.81,0.55,0.0,0.1,1.46,,,,,,
14,Adventure,2600,1992.0,Adventure,Atari,1.21,0.08,0.0,0.01,1.3,,,,,,
15,LEGO Batman: The Videogame,PSP,2008.0,Action,Warner Bros. Interactive Entertainment,0.57,0.44,0.0,0.27,1.28,73.0,5.0,7.4,10.0,Traveller's Tales,E10+
16,Combat,2600,,Action,Atari,1.17,0.07,0.0,0.01,1.25,,,,,,
17,LEGO Harry Potter: Years 5-7,Wii,2011.0,Action,Warner Bros. Interactive Entertainment,0.69,0.42,0.0,0.12,1.24,76.0,8.0,7.8,13.0,Traveller's Tales,E10+
18,NASCAR Thunder 2003,PS2,2002.0,Racing,Electronic Arts,0.6,0.46,0.0,0.16,1.22,84.0,16.0,8.7,17.0,EA Sports,E
19,Shrek / Shrek 2 2-in-1 Gameboy Advance Video,GBA,2007.0,Misc,,0.87,0.32,0.0,0.02,1.21,,,,,,
20,Hitman 2: Silent Assassin,XB,2002.0,Action,Eidos Interactive,0.76,0.38,0.0,0.05,1.19,84.0,23.0,8,19.0,Io Interactive,M
21,Rock Band,PS2,2011.0,Misc,Electronic Arts,0.71,0.06,0.0,0.35,1.11,82.0,8.0,6.8,13.0,Harmonix Music Systems,T
22,Legacy of Kain: Soul Reaver,PS,1999.0,Action,Eidos Interactive,0.58,0.4,0.0,0.07,1.04,91.0,17.0,9,132.0,Crystal Dynamics,T
23,Donkey Kong Land III,GB,1997.0,Platform,Nintendo,0.68,0.31,0.0,0.04,1.03,,,,,,
24,Air-Sea Battle,2600,1977.0,Shooter,Atari,0.91,0.06,0.0,0.01,0.98,,,,,,
25,Suikoden III,PS2,2002.0,Role-Playing,Konami,0.29,0.23,0.38,0.08,0.98,86.0,23.0,7.7,113.0,KCET,T
26,LEGO Harry Potter: Years 5-7,X360,2011.0,Action,Warner Bros. Interactive Entertainment,0.51,0.37,0.0,0.09,0.97,77.0,35.0,7.9,39.0,Traveller's Tales,E10+
27,Wheel of Fortune,PS2,,Misc,Tiger Electronics,0.47,0.36,0.0,0.12,0.95,,,tbd,,Atari,E
28,Yakuza 4,PS3,2019.0,Action,Sega,0.15,0.13,0.63,0.05,0.95,78.0,59.0,8,177.0,Ryu ga Gotoku Studios,M
29,Bentley's Hackpack,GBA,2005.0,Misc,Sony Computer Entertainment,0.67,0.25,0.0,0.02,0.93,,,,,,
30,Teenage Mutant Ninja Turtles,GBA,2003.0,Action,Raw Thrills,0.67,0.25,0.0,0.02,0.93,71.0,16.0,8.8,8.0,Konami,E
31,LEGO Harry Potter: Years 5-7,PS3,2011.0,Action,Warner Bros. Interactive Entertainment,0.36,0.41,0.0,0.15,0.91,76.0,27.0,8.3,48.0,Traveller's Tales,E10+
32,Namco Museum,XB,2008.0,Misc,Bandai Namco Entertainment,0.77,0.11,0.0,0.04,0.91,59.0,7.0,tbd,,Mass Media,E
33,Blitz: The League,PS2,2005.0,Sports,Midway Games,0.74,0.03,0.0,0.12,0.89,76.0,25.0,8,20.0,Midway,M
34,Rhythm Heaven,Wii,2011.0,Misc,Nintendo,0.11,0.0,0.77,0.01,0.88,,,,,,
35,The Lord of the Rings: War in the North,X360,2011.0,Action,Warner Bros. Interactive Entertainment,0.52,0.24,0.0,0.08,0.84,61.0,48.0,7.4,113.0,Snowblind Studios,M
36,Madden NFL 07,PSP,,Sports,EA Sports,0.77,0.03,0.0,0.04,0.83,78.0,18.0,6.6,16.0,EA Tiburon,E
37,The Game of Life,PS,1998.0,Misc,Takara,0.46,0.31,0.0,0.05,0.83,,,,,,
38,MLB SlugFest 20-03,PS2,,Sports,,0.41,0.32,0.0,0.11,0.83,77.0,25.0,8.2,6.0,Midway,E
39,The Lord of the Rings: War in the North,PS3,2011.0,Action,Warner Bros. Interactive Entertainment,0.25,0.42,0.01,0.13,0.82,63.0,33.0,7,100.0,Snowblind Studios,M
40,Shaun White Snowboarding,X360,2008.0,Sports,Ubisoft,0.48,0.25,0.0,0.08,0.81,60.0,48.0,7.6,25.0,Ubisoft Montreal,T
41,Final Fantasy Type-0,PSP,2011.0,Role-Playing,,0.0,0.0,0.81,0.0,0.81,,,,,Square Enix,
42,PES 2009: Pro Evolution Soccer,PSP,,Sports,Konami Digital Entertainment,0.04,0.33,0.26,0.17,0.8,,,,,,
43,WarioWare: Twisted!,GBA,2005.0,Puzzle,KOL,0.16,0.06,0.5,0.02,0.74,,,,,,
44,God Eater,PSP,2010.0,Action,,0.0,0.0,0.72,0.0,0.72,,,,,,
45,Madden NFL 11,Wii,2010.0,Sports,EA Sports,0.68,0.0,0.0,0.04,0.72,75.0,6.0,5.4,7.0,EA Tiburon,E
46,Test Drive Unlimited 2,X360,2011.0,Racing,Atari,0.3,0.31,0.0,0.07,0.68,68.0,61.0,6.4,87.0,Eden,T
47,RIFT,PC,2011.0,Role-Playing,,0.44,0.16,0.0,0.07,0.67,84.0,59.0,7.3,561.0,Trion Worlds,T
48,"The Chronicles of Narnia: The Lion, The Witch and The Wardrobe",GBA,2005.0,Action,Disney Interactive Studios,0.48,0.18,0.0,0.01,0.67,66.0,7.0,6.8,5.0,Amaze Entertainment,E
49,LEGO Harry Potter: Years 5-7,DS,2011.0,Action,Warner Bros. Interactive Entertainment,0.34,0.25,0.0,0.07,0.66,69.0,4.0,tbd,,Traveller's Tales,E10+
50,Nicktoons Collection: Game Boy Advance Video Volume 1,GBA,2004.0,Misc,,0.46,0.17,0.0,0.01,0.64,,,,,,
51,SpongeBob SquarePants: Game Boy Advance Video Volume 1,GBA,2004.0,Misc,,0.46,0.17,0.0,0.01,0.64,,,,,,
52,Monster Hunter 2,PS2,2006.0,Role-Playing,Capcom,0.0,0.0,0.63,0.0,0.63,,,,,,
53,Metal Gear Solid 2: Substance,XB,2002.0,Action,Konami Digital Entertainment,0.38,0.22,0.0,0.03,0.62,87.0,28.0,8.5,39.0,KCEJ,M
54,Test Drive Unlimited 2,PS3,2011.0,Racing,Atari,0.16,0.34,0.01,0.12,0.62,70.0,43.0,6.1,44.0,Eden,T
55,Advance Wars: Days of Ruin,DS,2008.0,Strategy,Nintendo,0.43,0.12,0.0,0.05,0.61,86.0,55.0,8.7,96.0,Intelligent Systems,E10+
56,The Golden Compass,Wii,2007.0,Action,Sega,0.26,0.28,0.0,0.07,0.6,35.0,12.0,6.8,6.0,Shiny Entertainment,E10+
57,Madden NFL 06,X360,2005.0,Sports,Electronic Arts,0.54,0.0,0.01,0.03,0.59,74.0,48.0,4.9,44.0,EA Tiburon,E
58,NASCAR: Dirt to Daytona,PS2,2002.0,Racing,Infogrames,0.28,0.22,0.0,0.07,0.58,84.0,10.0,8.8,19.0,Monster Games Inc.,E
59,Madden NFL 2002,XB,2001.0,Sports,EA Sports,0.53,0.02,0.0,0.03,0.58,90.0,16.0,8.1,8.0,EA Sports,E
60,Def Jam: Fight for NY,XB,2004.0,Fighting,Electronic Arts,0.43,0.1,0.0,0.02,0.54,84.0,33.0,8.5,13.0,Aki Corp.,M
61,Two Worlds II,X360,2011.0,Role-Playing,TopWare Interactive,0.4,0.07,0.03,0.03,0.54,67.0,50.0,6.6,140.0,Reality Pump,M
62,NBA Street Vol. 2,GC,2003.0,Sports,Electronic Arts,0.41,0.11,0.0,0.01,0.54,88.0,16.0,8.1,7.0,Electronic Arts,E
63,SpongeBob SquarePants: Game Boy Advance Video Volume 2,GBA,2004.0,Misc,,0.38,0.14,0.0,0.01,0.53,,,,,,
64,Fishing Derby,2600,1980.0,Sports,Activision,0.48,0.03,0.0,0.01,0.51,,,,,,
65,Wet,X360,,Shooter,Bethesda Softworks,0.23,0.21,0.01,0.05,0.5,69.0,79.0,7.3,86.0,Artificial Mind and Movement,M
66,Sonic the Hedgehog,PS3,2009.0,Platform,,0.0,0.48,0.0,0.0,0.48,43.0,17.0,4.1,176.0,Sonic Team,E10+
67,Karate,2600,2010.0,Fighting,Ultravision,0.44,0.03,0.0,0.0,0.47,,,,,,
68,Tiger Woods PGA Tour 07,Wii,2006.0,Sports,Electronic Arts,0.43,0.0,0.0,0.04,0.47,71.0,41.0,6.9,44.0,EA Redwood Shores,E
69,Two Worlds II,PS3,2011.0,Role-Playing,TopWare Interactive,0.26,0.1,0.06,0.05,0.46,70.0,28.0,7,65.0,Reality Pump,M
70,Circus Atari,2600,1979.0,Action,Atari,0.43,0.03,0.0,0.0,0.46,,,,,,
71,The Chronicles of Riddick: Escape from Butcher Bay,XB,2004.0,Shooter,Vivendi Games,0.32,0.11,0.0,0.02,0.45,89.0,84.0,8.9,85.0,Starbreeze,M
72,Maze Craze: A Game of Cops 'n Robbers,2600,1978.0,Action,Atari,0.42,0.02,0.0,0.0,0.45,,,,,,
73,Silent Hill: Homecoming,X360,2008.0,Action,Konami Digital Entertainment,0.25,0.15,0.0,0.04,0.45,70.0,54.0,6.9,180.0,Double Helix Games,M
74,Super Breakout,2600,1981.0,Puzzle,Atari,0.41,0.03,0.0,0.0,0.44,,,,,,
75,Robert Ludlum's The Bourne Conspiracy,X360,,Action,Vivendi Games,0.26,0.13,0.0,0.04,0.44,71.0,72.0,7.2,63.0,High Moon Studios,T
76,The Fairly Odd Parents: Game Boy Advance Video Volume 1,GBA,2004.0,Misc,,0.31,0.11,0.0,0.01,0.43,,,,,,
77,The Fairly Odd Parents: Game Boy Advance Video Volume 2,GBA,2004.0,Misc,,0.3,0.11,0.0,0.01,0.42,,,,,,
78,NHL Slapshot,Wii,2010.0,Sports,EA Sports,0.39,0.0,0.0,0.02,0.42,76.0,25.0,8.1,7.0,EA Sports,E
79,TERA,PC,,Role-Playing,,0.25,0.12,0.0,0.05,0.42,77.0,41.0,6.8,742.0,Bluehole Studio,M
80,NFL GameDay 2003,PS2,2002.0,Sports,,0.2,0.15,0.0,0.05,0.4,60.0,23.0,tbd,,989 Sports,E
81,LEGO Harry Potter: Years 5-7,3DS,2011.0,Action,Warner Bros. Interactive Entertainment,0.18,0.19,0.0,0.03,0.4,71.0,7.0,6.5,11.0,Traveller's Tales,E10+
82,Harvest Moon: Save the Homeland,PS2,2001.0,Simulation,Natsume,0.19,0.15,0.0,0.05,0.4,76.0,14.0,8.8,72.0,Victor Interactive Software,E
83,Robert Ludlum's The Bourne Conspiracy,PS3,,Action,Vivendi Games,0.18,0.14,0.0,0.06,0.39,70.0,47.0,7.6,43.0,High Moon Studios,T
84,Silent Hill: Homecoming,PS3,2008.0,Action,Konami Digital Entertainment,0.18,0.14,0.0,0.06,0.38,71.0,41.0,6.9,143.0,Double Helix Games,M
85,Hangman,2600,,Puzzle,Atari,0.35,0.02,0.0,0.0,0.38,,,,,,
86,The Golden Compass,PSP,2007.0,Action,Sega,0.11,0.16,0.0,0.1,0.37,28.0,4.0,4.1,7.0,Shiny Entertainment,E10+
87,NBA Live 2003,XB,2002.0,Sports,Electronic Arts,0.31,0.04,0.0,0.01,0.36,82.0,17.0,8.8,6.0,EA Canada,E
88,Cubix Robots for Everyone: Clash 'n' Bash,GBA,,Action,,0.26,0.1,0.0,0.01,0.36,,,,,,
89,Dragon Ball Z: Budokai Tenkaichi 2 (JP sales),Wii,,Action,,0.15,0.05,0.14,0.01,0.35,,,,,,
90,Tropico 4,X360,2012.0,Strategy,Kalypso Media,0.2,0.12,0.0,0.03,0.35,77.0,18.0,7.5,37.0,Haemimont,T
91,Tomb Raider (2013),PC,,Action,Square Enix,0.06,0.25,0.0,0.04,0.35,86.0,18.0,8.5,3552.0,"Crystal Dynamics, Nixxes Software",M
92,Bejeweled 3,DS,2010.0,Puzzle,PopCap Games,0.29,0.02,0.0,0.02,0.33,75.0,9.0,tbd,,PopCap,E
93,Custom Robo,N64,2002.0,Role-Playing,Nintendo,0.0,0.0,0.29,0.04,0.33,,,,,,
94,Final Fantasy XI,PS2,2015.0,Role-Playing,Square Enix,0.08,0.06,0.15,0.02,0.32,85.0,49.0,6.9,66.0,Square Enix,T
95,Singularity,X360,2017.0,Shooter,,0.24,0.05,0.0,0.02,0.32,76.0,70.0,7.7,169.0,Raven Software,M
96,Cartoon Network Collection: Game Boy Advance Video Platinum Edition,GBA,2005.0,Misc,,0.23,0.08,0.0,0.01,0.32,,,,,,
97,Dragster,2600,,Racing,Activision,0.3,0.02,0.0,0.0,0.32,,,,,,
98,All-Star Baseball 2005,PS2,2004.0,Sports,Acclaim Entertainment,0.16,0.12,0.0,0.04,0.32,72.0,13.0,8.6,21.0,Acclaim,E
99,Star Wars Jedi Knight II: Jedi Outcast,XB,,Shooter,Activision,0.23,0.07,0.0,0.01,0.31,81.0,24.0,6.8,15.0,Vicarious Visions,T
100,Slot Machine,2600,1979.0,Action,Atari,0.29,0.02,0.0,0.0,0.31,,,,,,
101,The Dukes of Hazzard II: Daisy Dukes It Out,PS,2000.0,Racing,,0.17,0.11,0.0,0.02,0.3,53.0,5.0,tbd,,Sinister Games,E
102,Harvest Moon: The Tale of Two Towns,3DS,2010.0,Simulation,Marvelous Interactive,0.28,0.0,0.0,0.02,0.3,,,,,,
103,NBA Live 2003,GC,2002.0,Sports,Electronic Arts,0.23,0.06,0.0,0.01,0.3,82.0,11.0,8.2,5.0,EA Canada,E
104,Shrek the Third,DS,2007.0,Action,Activision,0.26,0.01,0.0,0.02,0.3,70.0,16.0,6.5,4.0,Vicarious Visions,E
105,Fast Food,2600,1981.0,Action,Codemasters,0.27,0.02,0.0,0.0,0.29,,,,,,
106,Nicktoons: Battle for Volcano Island,GC,2006.0,Action,THQ,0.22,0.06,0.0,0.01,0.29,,,7,4.0,Blue Tongue Entertainment,E
107,Haven: Call of the King,PS2,,Platform,Midway Games,0.14,0.11,0.0,0.04,0.28,69.0,26.0,6.9,15.0,Traveller's Tales,T
108,Unreal Championship 2: The Liandri Conflict,XB,2005.0,Shooter,Midway Games,0.22,0.05,0.0,0.01,0.28,85.0,54.0,8.2,21.0,Epic Games,M
109,"The Chronicles of Narnia: The Lion, The Witch and The Wardrobe",GC,2005.0,Action,Disney Interactive Studios,0.22,0.06,0.0,0.01,0.28,71.0,17.0,tbd,,Traveller's Tales,T
110,Pac-Man Fever,GC,2002.0,Misc,Namco,0.21,0.06,0.0,0.01,0.28,54.0,10.0,6.3,6.0,Mass Media,E
111,The Legend of Zelda: The Minish Cap(weekly JP sales),GBA,,Action,,0.0,0.0,0.27,0.01,0.27,,,,,,
112,M&M's Blast!,GBA,2001.0,Puzzle,Majesco,0.2,0.07,0.0,0.0,0.27,,,,,,
113,Indy 500,2600,,Racing,Atari,0.26,0.01,0.0,0.0,0.27,,,,,,
114,Disgaea 3: Absence of Detention,PSV,2011.0,Role-Playing,Nippon Ichi Software,0.11,0.05,0.07,0.03,0.27,78.0,28.0,7.6,116.0,Nippon Ichi Software,T
115,Flag Capture,2600,1978.0,Action,Atari,0.25,0.02,0.0,0.0,0.27,,,,,,
116,Gun,X360,,Shooter,Activision,0.24,0.01,0.0,0.02,0.27,75.0,53.0,7.5,57.0,Neversoft Entertainment,M
117,Rock Revolution,PS3,2008.0,Misc,Konami,0.25,0.0,0.0,0.02,0.27,42.0,20.0,6.6,12.0,"Zoe Mode, HB Studios Multimedia",T
118,Ultimate NES Remix,3DS,2014.0,Action,Nintendo,0.15,0.09,0.0,0.02,0.27,69.0,16.0,7.6,32.0,Indies Zero,E
119,Sonic X: Game Boy Advance Video Volume 1,GBA,2004.0,Misc,,0.19,0.07,0.0,0.0,0.27,,,,,,
120,LEGO Harry Potter: Years 5-7,PSP,2011.0,Action,Warner Bros. Interactive Entertainment,0.1,0.1,0.0,0.06,0.26,,,tbd,,Traveller's Tales,E10+
121,Dora the Explorer: Game Boy Advance Video Volume 1,GBA,2004.0,Misc,,0.18,0.07,0.0,0.0,0.26,,,,,,
122,College Hoops 2K6,PS2,2005.0,Sports,2K Sports,0.12,0.1,0.0,0.03,0.25,77.0,14.0,7.3,6.0,2K Sports,E
123,Cartoon Network Collection: Game Boy Advance Video Volume 1,GBA,2004.0,Misc,,0.18,0.07,0.0,0.0,0.25,,,,,,
124,Jonah Lomu Rugby Challenge,PS3,2012.0,Sports,Home Entertainment Suppliers,0.0,0.19,0.0,0.06,0.25,64.0,6.0,,,Sidhe Interactive,E
125,Mega Man X Collection,PS2,2006.0,Misc,Capcom,0.12,0.09,0.0,0.03,0.24,73.0,23.0,8.8,14.0,Capcom,E
126,BioShock 2,PC,2016.0,Shooter,Take-Two Interactive,0.02,0.19,0.0,0.04,0.24,88.0,36.0,8,1247.0,2K Marin,M
127,All Grown Up!: Game Boy Advance Video Volume 1,GBA,2004.0,Misc,,0.17,0.06,0.0,0.0,0.24,,,,,,
128,Singularity,PS3,2017.0,Shooter,,0.17,0.04,0.01,0.03,0.24,77.0,48.0,7.7,100.0,Raven Software,M
129,Danganronpa: Trigger Happy Havoc,PSP,2010.0,Misc,NIS America,0.0,0.0,0.24,0.0,0.24,,,,,,
130,Jet X20,PS2,,Racing,,0.11,0.09,0.0,0.03,0.23,,,,,,
131,Tony Hawk's Downhill Jam,Wii,2006.0,Sports,Activision,0.21,0.0,0.0,0.02,0.23,69.0,42.0,6.2,13.0,Toys for Bob,E10+
132,Tribes: Aerial Assault,PS2,2002.0,Shooter,,0.11,0.09,0.0,0.03,0.23,73.0,23.0,8.8,47.0,Midway Studios - Austin,T
133,Big Beach Sports 2,Wii,2010.0,Sports,THQ,0.09,0.11,0.0,0.02,0.23,,,tbd,,Jet Black Games,E
134,Nicktoons Collection: Game Boy Advance Video Volume 2,GBA,2004.0,Misc,,0.16,0.06,0.0,0.0,0.22,,,,,,
135,LEGO Harry Potter: Years 5-7,PC,2011.0,Action,Warner Bros. Interactive Entertainment,0.05,0.14,0.0,0.03,0.22,80.0,5.0,8.5,44.0,Traveller's Tales,E10+
136,Afrika,PS3,2008.0,Adventure,Magic Games,0.12,0.0,0.08,0.01,0.22,63.0,12.0,6.2,34.0,Rhino Studios,E10+
137,Yoostar2,X360,2011.0,Misc,,0.11,0.09,0.0,0.02,0.21,,,,,,
138,Yu Yu Hakusho: Dark Tournament,PS2,,Fighting,,0.1,0.08,0.0,0.03,0.21,56.0,15.0,8.5,18.0,Digital Fiction,T
139,Ghostbusters II,2600,1990.0,Action,Activision,0.2,0.01,0.0,0.0,0.21,,,,,,
140,Breakaway IV,2600,,Puzzle,Sears,0.2,0.01,0.0,0.0,0.21,,,,,,
141,Robotech: Battlecry,XB,2002.0,Shooter,TDK Mediactive,0.16,0.05,0.0,0.01,0.21,74.0,22.0,7,10.0,Vicious Cycle,T
142,Move Fitness,PS3,2012.0,Sports,Sony Computer Entertainment,0.0,0.16,0.0,0.05,0.21,,,,,,
143,Valkyria Chronicles III: Unrecorded Chronicles,PSP,,Strategy,Sega,0.0,0.0,0.21,0.0,0.21,,,,,Sega,
144,DanceDanceRevolution II,Wii,,Misc,Konami Digital Entertainment,0.2,0.0,0.0,0.01,0.21,,,tbd,,Konami,E10+
145,Now! That's What I Call Music: Dance & Sing,Wii,2011.0,Misc,,0.0,0.17,0.0,0.04,0.21,,,,,,
146,SpongeBob SquarePants: Game Boy Advance Video Volume 3,GBA,2004.0,Misc,,0.15,0.05,0.0,0.0,0.21,,,,,,
147,WRC: FIA World Rally Championship,PS3,2010.0,Racing,Black Bean Games,0.0,0.14,0.01,0.04,0.2,68.0,24.0,4.5,4.0,Milestone S.r.l,
148,Famista 64,N64,1997.0,Sports,Namco Bandai Games,0.0,0.0,0.17,0.03,0.2,,,,,,
149,Two Worlds II,PC,2011.0,Role-Playing,TopWare Interactive,0.09,0.09,0.0,0.02,0.2,76.0,31.0,6.5,315.0,Reality Pump,M
150,Dead Space 3,PC,2013.0,Action,Electronic Arts,0.02,0.16,0.0,0.02,0.19,78.0,16.0,6,1096.0,Visceral Games,M
151,Test Drive Unlimited 2,PC,2011.0,Racing,Atari,0.05,0.11,0.0,0.03,0.19,72.0,19.0,5.7,253.0,Eden,T
152,Pet Zombies,3DS,2011.0,Simulation,Majesco Entertainment,0.18,0.0,0.0,0.01,0.19,,,tbd,,1st Playable Productions,T
153,Chibi-Robo! Park Patrol,DS,2007.0,Adventure,,0.0,0.0,0.19,0.0,0.19,78.0,14.0,7.5,13.0,Skip Ltd.,E
154,Thomas the Tank Engine & Friends,GBA,2004.0,Adventure,Alternative Software Ltd.,0.13,0.05,0.0,0.0,0.19,,,,,,
155,Heavy Fire: Afghanistan,PS3,2011.0,Shooter,Mastiff,0.17,0.0,0.0,0.02,0.18,39.0,5.0,3.3,16.0,Teyon,T
156,Star Trek: Legacy,X360,2006.0,Simulation,Ubisoft,0.14,0.02,0.0,0.01,0.18,64.0,41.0,5.5,42.0,Mad Doc Software,E10+
157,Backbreaker,X360,2009.0,Sports,505 Games,0.17,0.0,0.0,0.01,0.18,54.0,29.0,7.6,68.0,NaturalMotion,E
158,Twisted Metal: Small Brawl,PS,2001.0,Action,Sony Computer Entertainment,0.1,0.07,0.0,0.01,0.18,51.0,14.0,7.6,49.0,Incognito Inc.,T
159,Otomedius Excellent,X360,2011.0,Shooter,Konami,0.13,0.0,0.04,0.01,0.18,48.0,8.0,8.1,16.0,Konami,T
160,NBA Starting Five,PS2,2002.0,Sports,,0.09,0.07,0.0,0.02,0.18,53.0,10.0,7.3,7.0,Konami,E
161,Teen Titans,GBA,2003.0,Action,Cartoon Network,0.13,0.05,0.0,0.0,0.17,61.0,9.0,tbd,,Artificial Mind and Movement,E10+
162,Trauma Team,Wii,2010.0,Simulation,Atlus,0.14,0.0,0.02,0.01,0.17,82.0,29.0,8.8,25.0,Atlus,T
163,Backbreaker,PS3,2009.0,Sports,505 Games,0.16,0.0,0.0,0.01,0.17,58.0,25.0,7,52.0,NaturalMotion,E
164,Dragon Ball GT: Game Boy Advance Video Volume 1,GBA,2004.0,Misc,,0.12,0.05,0.0,0.0,0.17,,,,,,
165,James Cameron's Dark Angel,PS2,,Action,Universal Interactive,0.08,0.07,0.0,0.02,0.17,48.0,17.0,6.5,19.0,Radical Entertainment,T
166,Codename: Kids Next Door: Game Boy Advance Video Volume 1,GBA,2004.0,Misc,,0.12,0.05,0.0,0.0,0.17,,,,,,
167,Teenage Mutant Ninja Turtles: Game Boy Advance Video Volume 1,GBA,2004.0,Misc,,0.12,0.04,0.0,0.0,0.17,,,,,,
168,Sword of the Samurai,PS2,1989.0,Fighting,Ubisoft,0.0,0.0,0.17,0.0,0.17,,,,,,
169,Stronghold 3,PC,2011.0,Strategy,SouthPeak Interactive,0.06,0.1,0.0,0.0,0.16,47.0,29.0,3,350.0,FireFly Studios,T
170,Splatterhouse,PS3,1988.0,Action,Namco Bandai Games,0.13,0.02,0.0,0.02,0.16,59.0,49.0,7.7,67.0,"Namco Bandai Games America, Namco Bandai Games",M
171,Alone in the Dark: The New Nightmare,PS,2001.0,Adventure,Infogrames,0.09,0.06,0.0,0.01,0.16,77.0,15.0,8.1,40.0,Darkworks,M
172,Vegas Party,Wii,2017.0,Misc,Funbox Media Ltd,0.15,0.0,0.0,0.01,0.16,33.0,6.0,tbd,,Storm City Games,T
173,Jurassic Park: The Game,X360,2011.0,Action,,0.15,0.0,0.0,0.01,0.16,60.0,9.0,3.6,138.0,Telltale Games,T
174,Home Run,2600,,Sports,Atari,0.14,0.01,0.0,0.0,0.15,,,,,,
175,Cartoon Network Collection: Game Boy Advance Video Special Edition,GBA,2005.0,Misc,,0.11,0.04,0.0,0.0,0.15,,,,,,
176,Pok√©mon: Johto Photo Finish: Game Boy Advance Video,GBA,2004.0,Misc,,0.11,0.04,0.0,0.0,0.15,,,,,,
177,Kids Learn Math: A+ Edition,DS,2011.0,Misc,,0.14,0.0,0.0,0.01,0.15,,,,,,
178,Strawberry Shortcake: Game Boy Advance Video Volume 1,GBA,2004.0,Misc,,0.11,0.04,0.0,0.0,0.15,,,,,,
179,eJay Clubworld,PS2,2003.0,Misc,Empire Interactive,0.07,0.06,0.0,0.02,0.15,69.0,5.0,8.6,10.0,UDS,E
180,All-Star Baseball 2005,XB,2004.0,Sports,Acclaim Entertainment,0.11,0.03,0.0,0.01,0.15,75.0,31.0,8.8,12.0,Acclaim,E
181,Black * Rock Shooter: The Game,PSP,2011.0,Role-Playing,,0.0,0.0,0.15,0.0,0.15,66.0,19.0,7.2,39.0,"Image Epoch, Imageepoch",T
182,Terraria,PC,2011.0,Action,,0.0,0.13,0.0,0.01,0.14,83.0,29.0,8.5,1613.0,Re-Logic,T
183,Bejeweled 3,PS3,2010.0,Puzzle,PopCap Games,0.13,0.0,0.0,0.02,0.14,76.0,5.0,8.2,5.0,PopCap,E
184,Kid Adventures: Sky Captain,Wii,2010.0,Action,,0.09,0.04,0.0,0.01,0.14,,,tbd,,Torus Games,E
185,Our House Party!,Wii,,Simulation,,0.13,0.0,0.0,0.01,0.14,,,,,,
186,Power Gig: Rise of the SixString,PS3,2010.0,Misc,Seven45 Studios,0.13,0.0,0.0,0.01,0.14,36.0,10.0,0.5,4.0,Seven45 Studios,T
187,WCW Backstage Assault,N64,2000.0,Action,Electronic Arts,0.11,0.03,0.0,0.0,0.14,,,,,,
188,Barbie Explorer,PS,2001.0,Platform,,0.08,0.05,0.0,0.01,0.14,,,,,,
189,Bejeweled 3,X360,2010.0,Puzzle,PopCap Games,0.13,0.0,0.0,0.01,0.14,78.0,13.0,8.4,11.0,PopCap,E
190,Disney's Cinderella: Magical Dreams,GBA,2005.0,Platform,Disney Interactive Studios,0.1,0.04,0.0,0.0,0.14,69.0,7.0,tbd,,Culture Brain,E
191,Transworld Surf,XB,2003.0,Sports,Atari,0.1,0.03,0.0,0.0,0.13,76.0,25.0,tbd,,Rockstar San Diego,T
192,Street Fighter IV,PC,2011.0,Fighting,Capcom,0.07,0.05,0.0,0.02,0.13,91.0,23.0,8,352.0,Capcom,T
193,Farming Simulator 2011,PC,2010.0,Simulation,,0.0,0.13,0.0,0.0,0.13,,,7,23.0,Giants Software,E
194,Nintendo Puzzle Collection,GC,2003.0,Puzzle,Nintendo,0.0,0.0,0.13,0.0,0.13,,,,,,
195,Charm Girls Club: My Fashion Mall,DS,2009.0,Simulation,Electronic Arts,0.12,0.0,0.0,0.01,0.12,,,tbd,,Electronic Arts,E
196,Record of Agarest War Zero,PS3,2011.0,Strategy,Ghostlight,0.09,0.0,0.03,0.01,0.12,50.0,8.0,6.7,37.0,Compile Heart,T
197,Rocksmith,PC,2018.0,Misc,,0.06,0.04,0.0,0.01,0.12,78.0,5.0,8.1,57.0,Ubisoft,T
198,Super Robot Wars OG Saga: Masou Kishin II - Revelation of Evil God,PSP,,Strategy,,0.0,0.0,0.12,0.0,0.12,,,,,,
199,Saru! Get You! Million Monkeys,PS2,,Platform,,0.0,0.0,0.12,0.0,0.12,,,,,,
200,Street Hoops,GC,2002.0,Sports,Activision,0.09,0.02,0.0,0.0,0.12,56.0,9.0,7.3,7.0,Black Ops Entertainment,T
201,WRC: FIA World Rally Championship,X360,2010.0,Racing,Black Bean Games,0.0,0.1,0.0,0.02,0.12,66.0,24.0,6,4.0,Milestone S.r.l,E10+
202,Godzilla: Destroy All Monsters Melee,XB,2002.0,Fighting,Infogrames,0.09,0.03,0.0,0.0,0.12,71.0,20.0,6.8,8.0,"Pipeworks Software, Inc.",T
203,The Daring Game for Girls,DS,2010.0,Adventure,Majesco Entertainment,0.11,0.0,0.0,0.01,0.12,,,tbd,,WXP,E
204,Power Gig: Rise of the SixString,X360,2010.0,Misc,Seven45 Studios,0.11,0.0,0.0,0.01,0.12,36.0,20.0,2.1,17.0,Seven45 Studios,T
205,Major League Baseball 2K6,PSP,2006.0,Sports,2K Sports,0.11,0.0,0.0,0.01,0.12,69.0,5.0,tbd,,Visual Concepts,E
206,Persona 5,PS3,2016.0,Role-Playing,Sega,0.0,0.0,0.11,0.0,0.11,,,,,Atlus,
207,Star Trek: Conquest,PS2,2007.0,Strategy,Bethesda Softworks,0.06,0.04,0.0,0.01,0.11,54.0,15.0,9.1,10.0,4J Studios,E
208,Mystery P.I. - Portrait of a Thief,DS,2008.0,Adventure,,0.1,0.0,0.0,0.01,0.11,,,tbd,,PopCap,E
209,AKB48+Me,3DS,2012.0,Action,Kadokawa Shoten,0.0,0.0,0.11,0.0,0.11,,,,,,
210,GiFTPiA,GC,2003.0,Role-Playing,Nintendo,0.0,0.0,0.11,0.0,0.11,,,,,,
211,Happy Feet Two,PS3,,Action,Warner Bros. Interactive Entertainment,0.09,0.0,0.0,0.01,0.11,,,,,,
212,Saigo no Yakusoku no Monogatari,PSP,2011.0,Role-Playing,Imageepoch,0.0,0.0,0.11,0.0,0.11,,,,,,
213,Disney Channel Collection Vol. 1,GBA,2004.0,Misc,,0.08,0.03,0.0,0.0,0.11,,,,,,
214,Yoostar2,PS3,2011.0,Misc,,0.04,0.04,0.0,0.02,0.1,54.0,15.0,tbd,,Blitz Games Studios,T
215,Disney's Chicken Little: Ace In Action,Wii,2006.0,Shooter,Disney Interactive Studios,0.09,0.0,0.0,0.01,0.1,72.0,8.0,tbd,,Avalanche Software,E10+
216,Atsumare! Power Pro Kun no DS Koushien,DS,,Sports,,0.0,0.0,0.1,0.0,0.1,,,,,,
217,Baten Kaitos Origins,GC,2006.0,Role-Playing,Nintendo,0.06,0.02,0.02,0.0,0.1,75.0,21.0,8.9,23.0,"Monolith Soft, Namco Bandai Games",T
218,My Healthy Cooking Coach,DS,2009.0,Simulation,,0.09,0.0,0.0,0.01,0.1,,,tbd,,Ubisoft,E
219,Happy Feet Two,DS,,Action,Warner Bros. Interactive Entertainment,0.08,0.01,0.0,0.01,0.1,,,tbd,,WayForward,E
220,Luminous Arc 2 (JP sales),DS,,Role-Playing,,0.0,0.0,0.1,0.0,0.1,,,,,,
221,Happy Feet Two,X360,,Action,Warner Bros. Interactive Entertainment,0.08,0.01,0.0,0.01,0.1,,,,,,
222,Egg Monster Hero,DS,2005.0,Role-Playing,Square Enix,0.0,0.0,0.09,0.0,0.09,,,,,Neverland,E
223,The Daring Game for Girls,Wii,2010.0,Adventure,Majesco Entertainment,0.09,0.0,0.0,0.01,0.09,,,tbd,,WXP,E
224,Demon Chaos,PS2,2005.0,Action,Konami Digital Entertainment,0.0,0.0,0.09,0.0,0.09,,,,,,
225,Samurai Shodown Anthology,PSP,2008.0,Fighting,Ignition Entertainment,0.08,0.0,0.0,0.01,0.09,,,tbd,,SNK Playmore,T
226,Action Man-Operation Extreme,PS,,Action,,0.05,0.03,0.0,0.01,0.09,,,,,,
227,Super Puzzle Fighter II,GBA,2003.0,Puzzle,Capcom,0.06,0.02,0.0,0.0,0.09,83.0,22.0,9.5,4.0,Atomic Planet Entertainment,E
228,Charm Girls Club: My Fashion Show,DS,,Simulation,,0.08,0.0,0.0,0.01,0.08,,,tbd,,Electronic Arts,E
229,Thomas & Friends: Hero of the Rails,DS,2010.0,Misc,,0.0,0.07,0.0,0.01,0.08,,,,,,
230,The Golf Club,PS4,2014.0,Sports,HB Studios,0.05,0.02,0.0,0.01,0.08,66.0,11.0,6.3,67.0,HB Studios Multimedia,E
231,Face Racers: Photo Finish,3DS,2011.0,Racing,Majesco Entertainment,0.08,0.0,0.0,0.01,0.08,,,tbd,,Renegade Kid,E
232,Martian Panic,Wii,2010.0,Adventure,Zoo Games,0.08,0.0,0.0,0.0,0.08,,,tbd,,N-Fusion Interactive Entertainment Corp.,T
233,Zero: Tsukihami no Kamen,Wii,2008.0,Action,Nintendo,0.0,0.0,0.08,0.0,0.08,,,,,Grasshopper Manufacture,
234,The Hidden,3DS,,Adventure,,0.08,0.0,0.0,0.01,0.08,,,4.2,5.0,1st Playable Productions,E10+
235,Cartoon Network Collection: Game Boy Advance Video Volume 2,GBA,2004.0,Misc,,0.06,0.02,0.0,0.0,0.08,,,,,,
236,Get Fit with Mel B,X360,2010.0,Sports,Black Bean Games,0.0,0.06,0.0,0.01,0.08,57.0,7.0,,,Lightning Fish Games,E
237,Rock Revolution,Wii,2008.0,Misc,Konami,0.07,0.0,0.0,0.01,0.08,46.0,4.0,tbd,,"Zoe Mode, HB Studios Multimedia",T
238,Happy Feet Two,Wii,,Action,Warner Bros. Interactive Entertainment,0.06,0.01,0.0,0.01,0.08,,,,,,
239,Mega Man Battle Network: Operation Shooting Star,DS,,Role-Playing,Capcom,0.0,0.0,0.07,0.0,0.07,,,,,,
240,Smashing Drive,GC,2004.0,Racing,Zoo Digital,0.06,0.01,0.0,0.0,0.07,47.0,18.0,5.2,6.0,Point of View,T
241,Port Royale 3,PS3,2013.0,Simulation,Kalypso Media,0.06,0.0,0.0,0.01,0.07,,,8.9,9.0,Kalypso,T
242,Dream Trigger 3D,3DS,2011.0,Shooter,D3Publisher,0.04,0.02,0.0,0.01,0.07,54.0,24.0,6.3,29.0,"Art Co., Ltd.",E
243,Dead Island: Riptide,PC,2013.0,Action,Deep Silver,0.0,0.07,0.0,0.01,0.07,61.0,35.0,6,441.0,Techland,M
244,Yoostar on MTV,X360,2011.0,Misc,,0.07,0.0,0.0,0.01,0.07,49.0,4.0,tbd,,Yoostar Entertainment Group,T
245,Tornado,DS,,Action,Ignition Entertainment,0.07,0.0,0.0,0.0,0.07,44.0,26.0,tbd,,Skonec,E
246,McFarlane's Evil Prophecy,PS2,,Action,Konami Digital Entertainment,0.03,0.03,0.0,0.01,0.07,34.0,28.0,3.2,5.0,Konami,M
247,Drake of the 99 Dragons,XB,2003.0,Shooter,Majesco Entertainment,0.05,0.01,0.0,0.0,0.07,22.0,16.0,1.8,37.0,Idol FX,T
248,Fairy Tail: Zelef Kakusei,PSP,2012.0,Action,,0.0,0.0,0.07,0.0,0.07,,,,,,
249,Alpha and Omega,DS,2010.0,Action,Lionsgate,0.06,0.0,0.0,0.0,0.07,,,tbd,,Storm City Games,E
250,Build-A-Bear Workshop: Friendship Valley,Wii,2010.0,Misc,Activision Publishing,0.06,0.0,0.0,0.0,0.07,,,tbd,,Neko Entertainment,E
251,Rayman Arena,XB,2023.0,Racing,,0.05,0.01,0.0,0.0,0.07,50.0,7.0,tbd,,Ubisoft,E
252,Port Royale 3,X360,2013.0,Simulation,Kalypso Media,0.06,0.0,0.0,0.01,0.07,56.0,11.0,4.5,6.0,Kalypso,T
253,National Geographic Challenge!,X360,2011.0,Misc,Black Bean Games,0.06,0.0,0.0,0.0,0.07,,,,,,
254,Alex Rider: Stormbreaker,DS,2006.0,Action,THQ,0.06,0.0,0.0,0.0,0.07,48.0,11.0,6.1,10.0,Altron,T
255,Kururin Paradise,GBA,2002.0,Puzzle,iQue,0.0,0.0,0.06,0.0,0.06,,,,,,
256,Speed,Wii,2010.0,Racing,,0.04,0.02,0.0,0.01,0.06,,,tbd,,Zoo Games,E
257,Chou Soujuu Mecha MG,DS,,Simulation,,0.0,0.0,0.06,0.0,0.06,,,,,,
258,Prinny: Can I Really Be The Hero? (US sales),PSP,,Action,,0.06,0.0,0.0,0.0,0.06,,,,,,
259,Combat Elite: WWII Paratroopers,PS2,2005.0,Shooter,SouthPeak Interactive,0.03,0.02,0.0,0.01,0.06,54.0,12.0,tbd,,BattleBorne,T
260,Flip's Twisted World,Wii,2010.0,Platform,Majesco Entertainment,0.05,0.0,0.0,0.0,0.06,47.0,7.0,tbd,,"Majesco Games, Majesco",E
261,Mobile Ops: The One Year War,X360,,Simulation,Namco Bandai Games,0.0,0.0,0.06,0.0,0.06,,,,,"Dimps Corporation, Dream Execution",
262,Pheasants Forever Wingshooter,Wii,2010.0,Shooter,,0.03,0.02,0.0,0.0,0.06,,,tbd,,High Voltage Software,T
263,Tom Clancy's Rainbow Six: Critical Hour,XB,2006.0,Shooter,,0.04,0.01,0.0,0.0,0.06,54.0,10.0,3.6,14.0,Ubisoft Quebec,M
264,Jewel Link Chronicles: Mountains of Madness,DS,,Puzzle,Avanquest,0.0,0.05,0.0,0.01,0.05,,,tbd,,Avanquest Software,E10+
265,Captain America: Super Soldier,Wii,2011.0,Action,Sega,0.05,0.0,0.0,0.0,0.05,57.0,16.0,6,6.0,High Voltage Software,T
266,Mountain Bike Adrenaline,PS2,2007.0,Sports,Nobilis,0.03,0.02,0.0,0.01,0.05,,,tbd,,Fresh 3D,E
267,Drill Dozer,GBA,2005.0,Platform,,0.04,0.01,0.0,0.0,0.05,81.0,34.0,8.3,10.0,Game Freak,E
268,Samantha Swift and the Hidden Roses of Athena,DS,2010.0,Adventure,MumboJumbo,0.04,0.01,0.0,0.0,0.05,,,tbd,,Navarre Corp,E
269,Captain America: Super Soldier,DS,2011.0,Action,Sega,0.05,0.0,0.0,0.0,0.05,,,,,,
270,GRID,DS,2022.0,Racing,Codemasters,0.04,0.0,0.0,0.0,0.05,79.0,19.0,8.1,15.0,Firebrand Games,E
271,Metal Max 2 Reloaded,DS,2011.0,Role-Playing,,0.0,0.0,0.05,0.0,0.05,,,,,,
272,Tour de France 2011,X360,2011.0,Racing,Focus Home Interactive,0.0,0.04,0.0,0.01,0.05,46.0,7.0,7.6,5.0,Cyanide,
273,Reader Rabbit 2nd Grade,Wii,1998.0,Misc,,0.04,0.0,0.0,0.0,0.05,,,tbd,,Graffiti Entertainment,E
274,Monster Hunter Frontier Online,PS3,2007.0,Role-Playing,Capcom,0.0,0.0,0.05,0.0,0.05,,,,,,
275,The Lost Treasures of Alexandria,DS,2011.0,Puzzle,,0.0,0.04,0.0,0.01,0.05,,,,,,
276,Max & the Magic Marker,DS,2011.0,Platform,,0.0,0.04,0.0,0.0,0.05,,,,,,
277,Guilty Gear XX Accent Core,PS2,2007.0,Fighting,Aksys Games,0.0,0.0,0.04,0.0,0.04,77.0,9.0,8.3,16.0,Arc System Works,T
278,RollerCoaster Tycoon,PC,2014.0,Strategy,Microprose,0.02,0.02,0.0,0.01,0.04,,,,,Chris Sawyer,E
279,Battle vs. Chess,PS3,2007.0,Misc,TopWare Interactive,0.0,0.03,0.0,0.01,0.04,,,,,"Targem Games, TopWare Interactive",T
280,Kids Learn Music A+ Edition,DS,2011.0,Misc,,0.04,0.0,0.0,0.0,0.04,,,,,,
281,The History Channel: Great Battles - Medieval,PS3,,Strategy,Slitherine Software,0.0,0.03,0.0,0.01,0.04,,,,,,
282,Clockwork Empires,PC,2016.0,Strategy,Gaslamp Games,0.0,0.04,0.0,0.0,0.04,58.0,7.0,3.8,5.0,Gaslamp Games,RP
283,B.L.U.E.: Legend of Water,PS,,Adventure,,0.0,0.0,0.04,0.0,0.04,,,,,,
284,Test Drive: Ferrari Legends,PS3,2012.0,Racing,,0.04,0.0,0.0,0.01,0.04,62.0,19.0,4.9,22.0,"Atari, Slightly Mad Studios, Atari SA",E
285,GRID,PC,2022.0,Racing,Codemasters,0.0,0.03,0.0,0.01,0.04,87.0,25.0,7.9,463.0,Codemasters,E
286,NHL Hitz Pro,GC,2003.0,Sports,Midway Games,0.03,0.01,0.0,0.0,0.04,81.0,15.0,7.8,5.0,Next Level Games,E
287,North American Hunting Extravaganza 2,Wii,2010.0,Sports,,0.03,0.0,0.0,0.0,0.04,,,,,,
288,Men of War: Vietnam,PC,2011.0,Strategy,,0.0,0.03,0.0,0.01,0.04,68.0,19.0,4.9,35.0,Best Way,T
289,Gummy Bears Mini Golf,Wii,2010.0,Sports,Storm City Games,0.04,0.0,0.0,0.0,0.04,,,,,,
290,Time Travelers,3DS,2012.0,Adventure,LEVEL-5,0.0,0.0,0.04,0.0,0.04,,,,,,
291,Luxor: Pharaoh's Challenge,Wii,,Puzzle,Funsta,0.01,0.02,0.0,0.0,0.04,,,tbd,,MumboJumbo,E
292,Jewel Quest Mysteries 2: Trail of the Midnight Heart,DS,2011.0,Puzzle,,0.0,0.03,0.0,0.0,0.04,,,,,,
293,Sega Rally 2006,PS2,2006.0,Racing,Sega,0.0,0.0,0.04,0.0,0.04,,,,,,
294,Train Simulator 2016,PC,2015.0,Simulation,Dovetail Games,0.0,0.04,0.0,0.0,0.04,,,4,8.0,Dovetail Games,E
295,Worms: Ultimate Mayhem,PC,2011.0,Strategy,,0.0,0.03,0.0,0.0,0.04,66.0,4.0,7.8,48.0,Team 17,E10+
296,Jane's Hotel,DS,2010.0,Simulation,,0.03,0.0,0.0,0.0,0.04,,,tbd,,Zoo Games,E
297,Half-Minute Hero 2,PSP,,Role-Playing,Rising Star Games,0.0,0.0,0.04,0.0,0.04,,,,,,
298,Housekeeping,DS,2017.0,Action,,0.0,0.0,0.04,0.0,0.04,,,,,,
299,Major League Baseball 2K8,PSP,2008.0,Sports,2K Sports,0.03,0.0,0.0,0.0,0.03,63.0,5.0,tbd,,Kush Games,E
300,Gekiatsu!! Pachi Game Tamashi: CR Evangelion - Hajimari no Fukuin,PS3,2010.0,Misc,,0.0,0.0,0.03,0.0,0.03,,,,,,
301,Sabre Wulf,GBA,1984.0,Platform,THQ,0.02,0.01,0.0,0.0,0.03,75.0,27.0,8,4.0,Rare Ltd.,E
302,Swords,Wii,2014.0,Fighting,,0.03,0.0,0.0,0.0,0.03,,,tbd,,Panic Button,T
303,Junior Island Adventure,DS,2011.0,Puzzle,,0.03,0.0,0.0,0.0,0.03,,,tbd,,"CyberPlanet Interactive Public Co., Ltd., Maximum Family Games",E
304,Beyond the Labyrinth,3DS,2012.0,Role-Playing,Konami,0.0,0.0,0.03,0.0,0.03,,,,,,
305,Clash of Elementalists,3DS,2013.0,Action,Teyon,0.0,0.03,0.0,0.0,0.03,,,,,,
306,Bikkuriman Daijiten,DS,,Misc,,0.0,0.0,0.03,0.0,0.03,,,,,,
307,Majesty 2: The Fantasy Kingdom Sim,X360,2009.0,Simulation,Paradox Interactive,0.03,0.0,0.0,0.0,0.03,,,,,"1C, Ino-Co, 1C Company",
308,The Binding of Isaac,PC,2012.0,Action,Edmund McMillen,0.0,0.03,0.0,0.0,0.03,84.0,30.0,8.3,1010.0,"Edmund McMillen, Florian Himsl",
309,Beastly,Wii,2011.0,Misc,,0.03,0.0,0.0,0.0,0.03,,,tbd,,Visual Impact,E10+
310,Fullmetal Alchemist: Brotherhood,PSP,2010.0,Action,Bandai Namco Entertainment,0.0,0.0,0.03,0.0,0.03,,,,,,
311,Super Meat Boy: Ultra Edition!,PC,2011.0,Platform,,0.0,0.02,0.0,0.01,0.03,,,,,,
312,The Golf Club,XOne,2014.0,Sports,HB Studios,0.03,0.0,0.0,0.0,0.03,64.0,15.0,5.4,59.0,HB Studios Multimedia,E
313,Max & the Magic Marker,Wii,2011.0,Platform,,0.0,0.03,0.0,0.0,0.03,,,,,,
314,Ao no Kanata no Four Rhythm,PSV,2016.0,Adventure,sprite,0.0,0.0,0.03,0.0,0.03,,,,,,
315,Take On Helicopters,PC,2011.0,Simulation,,0.0,0.02,0.0,0.01,0.03,70.0,10.0,6.7,28.0,Bohemia Interactive,T
316,Combat Elite: WWII Paratroopers,XB,2005.0,Shooter,SouthPeak Interactive,0.02,0.01,0.0,0.0,0.03,56.0,11.0,tbd,,BattleBorne,T
317,Samurai Spirits: Tenkaichi Kenkakuden,PS2,,Fighting,,0.0,0.0,0.03,0.0,0.03,,,,,,
318,Gekiatsu!! Pachi Game Tamashi Vol. 1: CR Evangelion - Shinjitsu no Tsubasa,PSP,2011.0,Misc,,0.0,0.0,0.03,0.0,0.03,,,,,,
319,World of Tanks,X360,,Shooter,,0.0,0.03,0.0,0.0,0.03,,,5.2,9.0,Microsoft Game Studios,
320,Gekiatsu!! Pachi Game Tamashi Vol. 2: CR Evangelion - Shinjitsu no Tsubasa,PS3,2011.0,Misc,,0.0,0.0,0.03,0.0,0.03,,,,,,
321,LEGO Legends of Chima: Laval's Journey,DS,2013.0,Adventure,WB Games,0.0,0.03,0.0,0.0,0.03,,,tbd,,TT Games,E10+
322,Battle vs. Chess,PC,2007.0,Misc,TopWare Interactive,0.0,0.02,0.0,0.0,0.03,69.0,5.0,5.9,12.0,Targem Games,T
323,Tom and Jerry in War of the Whiskers,XB,2002.0,Fighting,NewKidCo,0.02,0.01,0.0,0.0,0.03,,,,,,
324,Super Duper Sumos,GBA,2003.0,Action,,0.02,0.01,0.0,0.0,0.03,57.0,5.0,tbd,,Handheld Games,E
325,UK Truck Simulator,PC,2010.0,Simulation,Excalibur Publishing,0.0,0.03,0.0,0.0,0.03,,,,,,
326,Sengoku Otome: Legend Battle,PSV,2016.0,Action,,0.0,0.0,0.03,0.0,0.03,,,,,,
327,Bookworm,GBA,2004.0,Puzzle,,0.02,0.01,0.0,0.0,0.03,62.0,5.0,,,PopCap,E
328,The King of Fighters: Maximum Impact - Maniax,XB,2005.0,Fighting,SNK,0.02,0.01,0.0,0.0,0.03,,,,,,
329,Combat Wings: The Great Battles of WWII,Wii,2012.0,Simulation,City Interactive,0.02,0.0,0.0,0.0,0.03,,,,,City Interactive,
330,Heroes of Hellas 2: Olympia,DS,2012.0,Puzzle,"Alawar Entertainment, Inc.",0.0,0.02,0.0,0.0,0.03,,,,,,
331,Magicka Collection,PC,2011.0,Adventure,,0.0,0.02,0.0,0.0,0.03,,,7.5,6.0,Paradox Interactive,T
332,Tube Slider,GC,2003.0,Racing,NEC Interchannel,0.02,0.0,0.0,0.0,0.02,62.0,21.0,tbd,,Nd Cube,E
333,Umineko no Naku Koro ni San: Shinjitsu to Gensou no Yasoukyoku,PS3,,Adventure,,0.0,0.0,0.02,0.0,0.02,,,,,,
334,Foto Showdown,DS,2010.0,Role-Playing,Alpha Unit Corporation,0.02,0.0,0.0,0.0,0.02,,,tbd,,Alpha Unit,E
335,Payout Poker & Casino,PSP,,Misc,,0.02,0.0,0.0,0.0,0.02,,,,,,
336,Wii de Asobu: Metroid Prime,Wii,,Shooter,Nintendo,0.0,0.0,0.02,0.0,0.02,,,,,,
337,Legacy of Ys: Books I & II,DS,2009.0,Role-Playing,XSEED Games,0.02,0.0,0.0,0.0,0.02,,,,,,
338,Blender Bros.,GBA,2002.0,Platform,Infogrames,0.02,0.01,0.0,0.0,0.02,73.0,10.0,tbd,,AI,E
339,Farm Frenzy 3,DS,2011.0,Strategy,,0.0,0.02,0.0,0.0,0.02,,,,,,
340,Ukiyo no Roushi,PSV,2015.0,Action,,0.0,0.0,0.02,0.0,0.02,,,,,,
341,Love Once: Mermaid's Tears,PS3,2011.0,Adventure,,0.0,0.0,0.02,0.0,0.02,,,,,,
342,Saint,Wii,1992.0,Shooter,Bandai,0.02,0.0,0.0,0.0,0.02,,,tbd,,Opera House,E10+
343,Steal Princess,DS,2009.0,Platform,Atlus,0.02,0.0,0.0,0.0,0.02,60.0,14.0,tbd,,Climax Entertainment,E10+
344,Dungeon Defenders,PC,2011.0,Role-Playing,,0.02,0.0,0.0,0.0,0.02,81.0,26.0,7.3,399.0,Trendy Entertainment,E10+
345,Cities in Motion Collection,PC,2011.0,Simulation,,0.0,0.02,0.0,0.0,0.02,,,tbd,,Paradox Interactive,E
346,Mario Tennis,3DS,2018.0,Sports,Nintendo,0.0,0.0,0.02,0.0,0.02,,,,,,
347,Vampire Mansion: Linda Hyde,DS,2011.0,Adventure,,0.0,0.02,0.0,0.0,0.02,,,,,Easy Interactive,E10+
348,Meikyuu Cross Blood: Reloaded,X360,2011.0,Action,,0.0,0.0,0.02,0.0,0.02,,,,,,
349,Nicktoons Collection: Game Boy Advance Video Volume 3,GBA,2005.0,Misc,,0.01,0.01,0.0,0.0,0.02,,,,,,
350,Disney Sports Football,GBA,2002.0,Sports,Konami,0.01,0.01,0.0,0.0,0.02,62.0,4.0,tbd,,Konami,E
351,Demolition Company: Gold Edition,PC,2011.0,Simulation,Giants Software,0.0,0.02,0.0,0.0,0.02,,,tbd,,Giants Software,
352,Airport Simulator,PC,2011.0,Simulation,,0.0,0.02,0.0,0.0,0.02,,,,,,
353,Runaway: A Twist of Fate,DS,,Adventure,Focus Home Interactive,0.0,0.02,0.0,0.0,0.02,66.0,5.0,,,Pendulo Studios,T
354,Yu-Gi-Oh! 5D's Wheelie Breakers (JP sales),Wii,,Racing,,0.0,0.0,0.02,0.0,0.02,,,,,,
355,UFO: Trilogy,PC,2007.0,Strategy,Cenega Publishing,0.0,0.02,0.0,0.0,0.02,,,,,,
356,Tantei Opera: Milky Holmes,PSP,2010.0,Adventure,,0.0,0.0,0.02,0.0,0.02,,,,,,
357,Cabela's Alaskan Adventure,PS2,2006.0,Sports,Activision,0.01,0.01,0.0,0.0,0.02,,,,,,
358,"Moshi, Kono Sekai ni Kami-sama ga Iru to suru Naraba.",PSV,2016.0,Adventure,Rejet,0.0,0.0,0.02,0.0,0.02,,,,,,
359,Thomas & Friends: Hero of the Rails,Wii,2010.0,Misc,,0.0,0.01,0.0,0.0,0.02,,,,,,
360,Writing and Speaking Beautiful Japanese DS,DS,,Misc,,0.0,0.0,0.02,0.0,0.02,,,,,,
361,Virtua Quest,PS2,2004.0,Role-Playing,Sega,0.01,0.01,0.0,0.0,0.02,53.0,17.0,7.6,5.0,Artificial Mind and Movement,T
362,Mystery Tales 2: The Spirit Mask,DS,2011.0,Puzzle,,0.0,0.02,0.0,0.0,0.02,,,,,Easy Interactive,E10+
363,Shonen Jump's Yu-Gi-Oh! GX Card Almanac,DS,,Misc,Konami Digital Entertainment,0.0,0.0,0.02,0.0,0.02,,,,,,
364,Without Warning,XB,2005.0,Shooter,Capcom,0.01,0.0,0.0,0.0,0.02,45.0,25.0,2,5.0,CiRCLE,M
365,Wild West Shootout,Wii,2010.0,Shooter,,0.01,0.01,0.0,0.0,0.02,,,tbd,,Funbox Media,T
366,The Dark Hills of Cherai,PC,2009.0,Puzzle,,0.0,0.01,0.0,0.0,0.02,,,tbd,,ChaYoWo Games,
367,PDC World Championship Darts 2008,DS,2008.0,Sports,Oxygen Interactive Software,0.01,0.0,0.0,0.0,0.02,,,,,,
368,Dinotopia: The Sunstone Odyssey,GC,2003.0,Action,TDK Mediactive,0.01,0.0,0.0,0.0,0.02,50.0,4.0,tbd,,Vicious Cycle,T
369,Jet Impulse,DS,2007.0,Simulation,Nintendo,0.0,0.0,0.02,0.0,0.02,,,,,,
370,Dream Dancer,DS,,Misc,,0.01,0.0,0.0,0.0,0.02,,,tbd,,"CyberPlanet Interactive Public Co., Ltd.",E
371,Dance! It's Your Stage,Wii,,Misc,DTP Entertainment,0.0,0.01,0.0,0.0,0.02,,,,,,
372,Football Manager 2007,X360,2006.0,Sports,Sega,0.0,0.01,0.0,0.0,0.01,,,,,,
373,Ferrari: The Race Experience,Wii,2010.0,Racing,System 3 Arcade Software,0.0,0.01,0.0,0.0,0.01,54.0,4.0,,,System 3,E
374,Red Stone DS: Akaki Ishi ni Michibikareshi Monotachi,DS,2011.0,Role-Playing,GameOn,0.0,0.0,0.01,0.0,0.01,,,,,,
375,Aquaman: Battle for Atlantis,XB,2003.0,Action,DC Comics,0.01,0.0,0.0,0.0,0.01,26.0,13.0,2.7,15.0,Lucky Chicken,T
376,Shitsuji ga Aruji o Erabu Toki,PSV,2016.0,Adventure,,0.0,0.0,0.01,0.0,0.01,,,,,,
377,War for the Overworld,PC,2015.0,Strategy,Brightrock Games,0.0,0.01,0.0,0.0,0.01,65.0,14.0,7.7,90.0,Subterranean Games,
378,WRC: FIA World Rally Championship,PC,2010.0,Racing,Black Bean Games,0.0,0.01,0.0,0.0,0.01,65.0,7.0,,,Black Bean Games,RP
379,Fuuraiki 3,PSV,2015.0,Action,Nippon Ichi Software,0.0,0.0,0.01,0.0,0.01,,,,,,
380,Dark Parables: The Exiled Prince,PC,2011.0,Puzzle,Big Fish Games,0.0,0.01,0.0,0.0,0.01,,,tbd,,Blue Tea Games,E10+
381,Hyakka Yakou,PSV,2015.0,Action,Idea Factory,0.0,0.0,0.01,0.0,0.01,,,,,,
382,Homeworld Remastered Collection,PC,,Strategy,,0.0,0.01,0.0,0.0,0.01,86.0,49.0,8.2,324.0,Gearbox Software,E10+
383,Shorts,DS,,Platform,Majesco Entertainment,0.01,0.0,0.0,0.0,0.01,,,tbd,,Artificial Mind and Movement,E10+
384,AKB1/48: Idol to Guam de Koishitara...,X360,,Misc,,0.0,0.0,0.01,0.0,0.01,,,,,,
385,Super Robot Monkey Team: Game Boy Advance Video Volume 1,GBA,2005.0,Misc,,0.01,0.0,0.0,0.0,0.01,,,,,,
386,Brothers in Arms: Furious 4,X360,,Shooter,,0.01,0.0,0.0,0.0,0.01,,,,,Gearbox Software,M
387,Dance with Devils,PSV,2016.0,Action,Rejet,0.0,0.0,0.01,0.0,0.01,,,,,,
388,Agarest Senki: Re-appearance,PS3,,Role-Playing,Idea Factory,0.0,0.0,0.01,0.0,0.01,,,,,,
389,PDC World Championship Darts 2008,PSP,2008.0,Sports,Oxygen Interactive,0.01,0.0,0.0,0.0,0.01,43.0,7.0,tbd,,Oxygen Interactive,E10+
390,Freaky Flyers,GC,2003.0,Racing,Midway Games,0.01,0.0,0.0,0.0,0.01,69.0,14.0,6.5,6.0,Midway,T
391,Inversion,PC,2012.0,Shooter,Namco Bandai Games,0.01,0.0,0.0,0.0,0.01,59.0,6.0,6.7,107.0,Saber Interactive,M
392,Hakuouki: Shinsengumi Kitan,PS3,,Adventure,,0.01,0.0,0.0,0.0,0.01,,,,,,
393,Virtua Quest,GC,2004.0,Role-Playing,Sega,0.01,0.0,0.0,0.0,0.01,55.0,19.0,5.5,12.0,Artificial Mind and Movement,T
394,"Horse Life 4: My Horse, My Friend, My Champion",3DS,2015.0,Action,,0.0,0.01,0.0,0.0,0.01,,,,,,
395,The Treasures of Mystery Island 3 Pack - Save Mystery Island!,PC,2011.0,Puzzle,,0.01,0.0,0.0,0.0,0.01,,,,,,
396,Real Crimes: The Unicorn Killer,DS,2011.0,Puzzle,Big Fish Games,0.0,0.01,0.0,0.0,0.01,,,,,,
397,Driving Simulator 2011,PC,2011.0,Racing,,0.0,0.01,0.0,0.0,0.01,,,,,,
398,STORM: Frontline Nation,PC,2011.0,Strategy,Colossal Studios,0.0,0.01,0.0,0.0,0.01,60.0,12.0,7.2,13.0,SimBin,E10+
399,Strawberry Nauts,PSV,2016.0,Adventure,ENTERGRAM,0.0,0.0,0.01,0.0,0.01,,,,,,
