Name,Platform,Year_of_Release,Genre,Publisher,NA_Sales,EU_Sales,JP_Sales,Other_Sales,Global_Sales,Critic_Score,Critic_Count,User_Score,User_Count,Developer,Rating
Madden NFL 2004,PS2,,Sports,Electronic Arts,4.26,0.26,0.01,0.71,5.23,94.0,29.0,8.5,140.0,EA Tiburon,E
FIFA Soccer 2004,PS2,,Sports,Electronic Arts,0.59,2.36,0.04,0.51,3.49,84.0,20.0,6.4,76.0,EA Canada,E
LEGO Batman: The Videogame,Wii,,Action,Warner Bros. Interactive Entertainment,1.8,0.97,0.0,0.29,3.06,74.0,17.0,7.9,22.0,Traveller's Tales,E10+
wwe Smackdown vs. Raw 2006,PS2,,Fighting,,1.57,1.02,0.0,0.41,3.0,,,,,,
Space Invaders,2600,,Shooter,Atari,2.36,0.14,0.0,0.03,2.53,,,,,,
Rock Band,X360,,Misc,Electronic Arts,1.93,0.33,0.0,0.21,2.47,92.0,72.0,8.2,178.0,Harmonix Music Systems,T
Frogger's Adventures: Temple of the Frog,GBA,,Adventure,Konami Digital Entertainment,2.15,0.18,0.0,0.07,2.39,73.0,4.0,tbd,,Konami Computer Entertainment Hawaii,E
LEGO Indiana Jones: The Original Adventures,Wii,,Action,LucasArts,1.51,0.61,0.0,0.21,2.34,78.0,22.0,6.6,28.0,Traveller's Tales,E10+
Call of Duty 3,Wii,,Shooter,Activision,1.17,0.84,0.0,0.23,2.24,69.0,42.0,6.7,61.0,Exakt,T
Rock Band,Wii,,Misc,MTV Games,1.33,0.56,0.0,0.2,2.08,80.0,21.0,6.3,37.0,Harmonix Music Systems,T
Gran Turismo Concept 2001 Tokyo,PS2,2001.0,Racing,,0.0,1.1,0.42,0.33,1.84,,,,,,
Call of Duty: Black Ops,PC,,Shooter,Activision,0.58,0.81,0.0,0.23,1.63,81.0,29.0,5.2,1651.0,Treyarch,M
Rock Band,PS3,,Misc,Electronic Arts,0.99,0.41,0.0,0.22,1.62,92.0,35.0,8.4,107.0,Harmonix Music Systems,T
Triple Play 99,PS,,Sports,,0.81,0.55,0.0,0.1,1.46,,,,,,
Adventure,2600,,Adventure,Atari,1.21,0.08,0.0,0.01,1.3,,,,,,
LEGO Batman: The Videogame,PSP,,Action,Warner Bros. Interactive Entertainment,0.57,0.44,0.0,0.27,1.28,73.0,5.0,7.4,10.0,Traveller's Tales,E10+
Combat,2600,,Action,Atari,1.17,0.07,0.0,0.01,1.25,,,,,,
LEGO Harry Potter: Years 5-7,Wii,,Action,Warner Bros. Interactive Entertainment,0.69,0.42,0.0,0.12,1.24,76.0,8.0,7.8,13.0,Traveller's Tales,E10+
NASCAR Thunder 2003,PS2,,Racing,,0.6,0.46,0.0,0.16,1.22,84.0,16.0,8.7,17.0,EA Sports,E
Shrek / Shrek 2 2-in-1 Gameboy Advance Video,GBA,2007.0,Misc,,0.87,0.32,0.0,0.02,1.21,,,,,,
Hitman 2: Silent Assassin,XB,,Action,Eidos Interactive,0.76,0.38,0.0,0.05,1.19,84.0,23.0,8,19.0,Io Interactive,M
Rock Band,PS2,,Misc,Electronic Arts,0.71,0.06,0.0,0.35,1.11,82.0,8.0,6.8,13.0,Harmonix Music Systems,T
Legacy of Kain: Soul Reaver,PS,,Action,Eidos Interactive,0.58,0.4,0.0,0.07,1.04,91.0,17.0,9,132.0,Crystal Dynamics,T
Donkey Kong Land III,GB,,Platform,Nintendo,0.68,0.31,0.0,0.04,1.03,,,,,,
Air-Sea Battle,2600,,Shooter,Atari,0.91,0.06,0.0,0.01,0.98,,,,,,
Suikoden III,PS2,,Role-Playing,,0.29,0.23,0.38,0.08,0.98,86.0,23.0,7.7,113.0,KCET,T
LEGO Harry Potter: Years 5-7,X360,,Action,Warner Bros. Interactive Entertainment,0.51,0.37,0.0,0.09,0.97,77.0,35.0,7.9,39.0,Traveller's Tales,E10+
Wheel of Fortune,PS2,,Misc,,0.47,0.36,0.0,0.12,0.95,,,tbd,,Atari,E
Yakuza 4,PS3,,Action,Sega,0.15,0.13,0.63,0.05,0.95,78.0,59.0,8,177.0,Ryu ga Gotoku Studios,M
Bentley's Hackpack,GBA,2005.0,Misc,,0.67,0.25,0.0,0.02,0.93,,,,,,
Teenage Mutant Ninja Turtles,GBA,2003.0,Action,,0.67,0.25,0.0,0.02,0.93,71.0,16.0,8.8,8.0,Konami,E
LEGO Harry Potter: Years 5-7,PS3,,Action,Warner Bros. Interactive Entertainment,0.36,0.41,0.0,0.15,0.91,76.0,27.0,8.3,48.0,Traveller's Tales,E10+
Namco Museum,XB,,Misc,,0.77,0.11,0.0,0.04,0.91,59.0,7.0,tbd,,Mass Media,E
Blitz: The League,PS2,2005.0,Sports,,0.74,0.03,0.0,0.12,0.89,76.0,25.0,8,20.0,Midway,M
Rhythm Heaven,Wii,,Misc,,0.11,0.0,0.77,0.01,0.88,,,,,,
The Lord of the Rings: War in the North,X360,,Action,Warner Bros. Interactive Entertainment,0.52,0.24,0.0,0.08,0.84,61.0,48.0,7.4,113.0,Snowblind Studios,M
Madden NFL 07,PSP,,Sports,,0.77,0.03,0.0,0.04,0.83,78.0,18.0,6.6,16.0,EA Tiburon,E
The Game of Life,PS,1998.0,Misc,,0.46,0.31,0.0,0.05,0.83,,,,,,
MLB SlugFest 20-03,PS2,,Sports,,0.41,0.32,0.0,0.11,0.83,77.0,25.0,8.2,6.0,Midway,E
The Lord of the Rings: War in the North,PS3,,Action,Warner Bros. Interactive Entertainment,0.25,0.42,0.01,0.13,0.82,63.0,33.0,7,100.0,Snowblind Studios,M
Shaun White Snowboarding,X360,,Sports,Ubisoft,0.48,0.25,0.0,0.08,0.81,60.0,48.0,7.6,25.0,Ubisoft Montreal,T
Final Fantasy Type-0,PSP,2011.0,Role-Playing,,0.0,0.0,0.81,0.0,0.81,,,,,Square Enix,
PES 2009: Pro Evolution Soccer,PSP,,Sports,Konami Digital Entertainment,0.04,0.33,0.26,0.17,0.8,,,,,,
WarioWare: Twisted!,GBA,,Puzzle,,0.16,0.06,0.5,0.02,0.74,,,,,,
God Eater,PSP,2010.0,Action,,0.0,0.0,0.72,0.0,0.72,,,,,,
Madden NFL 11,Wii,,Sports,,0.68,0.0,0.0,0.04,0.72,75.0,6.0,5.4,7.0,EA Tiburon,E
Test Drive Unlimited 2,X360,,Racing,Atari,0.3,0.31,0.0,0.07,0.68,68.0,61.0,6.4,87.0,Eden,T
RIFT,PC,2011.0,Role-Playing,,0.44,0.16,0.0,0.07,0.67,84.0,59.0,7.3,561.0,Trion Worlds,T
"The Chronicles of Narnia: The Lion, The Witch and The Wardrobe",GBA,,Action,Disney Interactive Studios,0.48,0.18,0.0,0.01,0.67,66.0,7.0,6.8,5.0,Amaze Entertainment,E
LEGO Harry Potter: Years 5-7,DS,,Action,Warner Bros. Interactive Entertainment,0.34,0.25,0.0,0.07,0.66,69.0,4.0,tbd,,Traveller's Tales,E10+
Nicktoons Collection: Game Boy Advance Video Volume 1,GBA,2004.0,Misc,,0.46,0.17,0.0,0.01,0.64,,,,,,
SpongeBob SquarePants: Game Boy Advance Video Volume 1,GBA,2004.0,Misc,,0.46,0.17,0.0,0.01,0.64,,,,,,
Monster Hunter 2,PS2,,Role-Playing,Capcom,0.0,0.0,0.63,0.0,0.63,,,,,,
Metal Gear Solid 2: Substance,XB,,Action,Konami Digital Entertainment,0.38,0.22,0.0,0.03,0.62,87.0,28.0,8.5,39.0,KCEJ,M
Test Drive Unlimited 2,PS3,,Racing,Atari,0.16,0.34,0.01,0.12,0.62,70.0,43.0,6.1,44.0,Eden,T
Advance Wars: Days of Ruin,DS,,Strategy,Nintendo,0.43,0.12,0.0,0.05,0.61,86.0,55.0,8.7,96.0,Intelligent Systems,E10+
The Golden Compass,Wii,,Action,Sega,0.26,0.28,0.0,0.07,0.6,35.0,12.0,6.8,6.0,Shiny Entertainment,E10+
Madden NFL 06,X360,,Sports,Electronic Arts,0.54,0.0,0.01,0.03,0.59,74.0,48.0,4.9,44.0,EA Tiburon,E
NASCAR: Dirt to Daytona,PS2,,Racing,,0.28,0.22,0.0,0.07,0.58,84.0,10.0,8.8,19.0,Monster Games Inc.,E
Madden NFL 2002,XB,,Sports,,0.53,0.02,0.0,0.03,0.58,90.0,16.0,8.1,8.0,EA Sports,E
Def Jam: Fight for NY,XB,,Fighting,Electronic Arts,0.43,0.1,0.0,0.02,0.54,84.0,33.0,8.5,13.0,Aki Corp.,M
Two Worlds II,X360,2011.0,Role-Playing,,0.4,0.07,0.03,0.03,0.54,67.0,50.0,6.6,140.0,Reality Pump,M
NBA Street Vol. 2,GC,,Sports,Electronic Arts,0.41,0.11,0.0,0.01,0.54,88.0,16.0,8.1,7.0,Electronic Arts,E
SpongeBob SquarePants: Game Boy Advance Video Volume 2,GBA,2004.0,Misc,,0.38,0.14,0.0,0.01,0.53,,,,,,
Fishing Derby,2600,,Sports,Activision,0.48,0.03,0.0,0.01,0.51,,,,,,
Wet,X360,,Shooter,Bethesda Softworks,0.23,0.21,0.01,0.05,0.5,69.0,79.0,7.3,86.0,Artificial Mind and Movement,M
Sonic the Hedgehog,PS3,,Platform,,0.0,0.48,0.0,0.0,0.48,43.0,17.0,4.1,176.0,Sonic Team,E10+
Karate,2600,,Fighting,Ultravision,0.44,0.03,0.0,0.0,0.47,,,,,,
Tiger Woods PGA Tour 07,Wii,,Sports,Electronic Arts,0.43,0.0,0.0,0.04,0.47,71.0,41.0,6.9,44.0,EA Redwood Shores,E
Two Worlds II,PS3,2011.0,Role-Playing,,0.26,0.1,0.06,0.05,0.46,70.0,28.0,7,65.0,Reality Pump,M
Circus Atari,2600,,Action,Atari,0.43,0.03,0.0,0.0,0.46,,,,,,
The Chronicles of Riddick: Escape from Butcher Bay,XB,,Shooter,Vivendi Games,0.32,0.11,0.0,0.02,0.45,89.0,84.0,8.9,85.0,Starbreeze,M
Maze Craze: A Game of Cops 'n Robbers,2600,,Action,Atari,0.42,0.02,0.0,0.0,0.45,,,,,,
Silent Hill: Homecoming,X360,,Action,Konami Digital Entertainment,0.25,0.15,0.0,0.04,0.45,70.0,54.0,6.9,180.0,Double Helix Games,M
Super Breakout,2600,,Puzzle,Atari,0.41,0.03,0.0,0.0,0.44,,,,,,
Robert Ludlum's The Bourne Conspiracy,X360,,Action,Vivendi Games,0.26,0.13,0.0,0.04,0.44,71.0,72.0,7.2,63.0,High Moon Studios,T
The Fairly Odd Parents: Game Boy Advance Video Volume 1,GBA,2004.0,Misc,,0.31,0.11,0.0,0.01,0.43,,,,,,
The Fairly Odd Parents: Game Boy Advance Video Volume 2,GBA,2004.0,Misc,,0.3,0.11,0.0,0.01,0.42,,,,,,
NHL Slapshot,Wii,,Sports,,0.39,0.0,0.0,0.02,0.42,76.0,25.0,8.1,7.0,EA Sports,E
TERA,PC,,Role-Playing,,0.25,0.12,0.0,0.05,0.42,77.0,41.0,6.8,742.0,Bluehole Studio,M
NFL GameDay 2003,PS2,,Sports,,0.2,0.15,0.0,0.05,0.4,60.0,23.0,tbd,,989 Sports,E
LEGO Harry Potter: Years 5-7,3DS,,Action,Warner Bros. Interactive Entertainment,0.18,0.19,0.0,0.03,0.4,71.0,7.0,6.5,11.0,Traveller's Tales,E10+
Harvest Moon: Save the Homeland,PS2,,Simulation,,0.19,0.15,0.0,0.05,0.4,76.0,14.0,8.8,72.0,Victor Interactive Software,E
Robert Ludlum's The Bourne Conspiracy,PS3,,Action,Vivendi Games,0.18,0.14,0.0,0.06,0.39,70.0,47.0,7.6,43.0,High Moon Studios,T
Silent Hill: Homecoming,PS3,,Action,Konami Digital Entertainment,0.18,0.14,0.0,0.06,0.38,71.0,41.0,6.9,143.0,Double Helix Games,M
Hangman,2600,,Puzzle,Atari,0.35,0.02,0.0,0.0,0.38,,,,,,
The Golden Compass,PSP,,Action,Sega,0.11,0.16,0.0,0.1,0.37,28.0,4.0,4.1,7.0,Shiny Entertainment,E10+
NBA Live 2003,XB,,Sports,Electronic Arts,0.31,0.04,0.0,0.01,0.36,82.0,17.0,8.8,6.0,EA Canada,E
Cubix Robots for Everyone: Clash 'n' Bash,GBA,,Action,,0.26,0.1,0.0,0.01,0.36,,,,,,
Dragon Ball Z: Budokai Tenkaichi 2 (JP sales),Wii,,Action,,0.15,0.05,0.14,0.01,0.35,,,,,,
Tropico 4,X360,,Strategy,Kalypso Media,0.2,0.12,0.0,0.03,0.35,77.0,18.0,7.5,37.0,Haemimont,T
Tomb Raider (2013),PC,,Action,Square Enix,0.06,0.25,0.0,0.04,0.35,86.0,18.0,8.5,3552.0,"Crystal Dynamics, Nixxes Software",M
Bejeweled 3,DS,,Puzzle,,0.29,0.02,0.0,0.02,0.33,75.0,9.0,tbd,,PopCap,E
Custom Robo,N64,,Role-Playing,Nintendo,0.0,0.0,0.29,0.04,0.33,,,,,,
Final Fantasy XI,PS2,,Role-Playing,,0.08,0.06,0.15,0.02,0.32,85.0,49.0,6.9,66.0,Square Enix,T
Singularity,X360,,Shooter,,0.24,0.05,0.0,0.02,0.32,76.0,70.0,7.7,169.0,Raven Software,M
Cartoon Network Collection: Game Boy Advance Video Platinum Edition,GBA,2005.0,Misc,,0.23,0.08,0.0,0.01,0.32,,,,,,
Dragster,2600,,Racing,Activision,0.3,0.02,0.0,0.0,0.32,,,,,,
All-Star Baseball 2005,PS2,,Sports,,0.16,0.12,0.0,0.04,0.32,72.0,13.0,8.6,21.0,Acclaim,E
Star Wars Jedi Knight II: Jedi Outcast,XB,,Shooter,Activision,0.23,0.07,0.0,0.01,0.31,81.0,24.0,6.8,15.0,Vicarious Visions,T
Slot Machine,2600,,Action,Atari,0.29,0.02,0.0,0.0,0.31,,,,,,
The Dukes of Hazzard II: Daisy Dukes It Out,PS,,Racing,,0.17,0.11,0.0,0.02,0.3,53.0,5.0,tbd,,Sinister Games,E
Harvest Moon: The Tale of Two Towns,3DS,,Simulation,,0.28,0.0,0.0,0.02,0.3,,,,,,
NBA Live 2003,GC,,Sports,Electronic Arts,0.23,0.06,0.0,0.01,0.3,82.0,11.0,8.2,5.0,EA Canada,E
Shrek the Third,DS,,Action,Activision,0.26,0.01,0.0,0.02,0.3,70.0,16.0,6.5,4.0,Vicarious Visions,E
Fast Food,2600,1981.0,Action,,0.27,0.02,0.0,0.0,0.29,,,,,,
Nicktoons: Battle for Volcano Island,GC,,Action,,0.22,0.06,0.0,0.01,0.29,,,7,4.0,Blue Tongue Entertainment,E
Haven: Call of the King,PS2,,Platform,Midway Games,0.14,0.11,0.0,0.04,0.28,69.0,26.0,6.9,15.0,Traveller's Tales,T
Unreal Championship 2: The Liandri Conflict,XB,,Shooter,Midway Games,0.22,0.05,0.0,0.01,0.28,85.0,54.0,8.2,21.0,Epic Games,M
"The Chronicles of Narnia: The Lion, The Witch and The Wardrobe",GC,,Action,Disney Interactive Studios,0.22,0.06,0.0,0.01,0.28,71.0,17.0,tbd,,Traveller's Tales,T
Pac-Man Fever,GC,,Misc,,0.21,0.06,0.0,0.01,0.28,54.0,10.0,6.3,6.0,Mass Media,E
The Legend of Zelda: The Minish Cap(weekly JP sales),GBA,,Action,,0.0,0.0,0.27,0.01,0.27,,,,,,
M&M's Blast!,GBA,2001.0,Puzzle,,0.2,0.07,0.0,0.0,0.27,,,,,,
Indy 500,2600,,Racing,Atari,0.26,0.01,0.0,0.0,0.27,,,,,,
Disgaea 3: Absence of Detention,PSV,,Role-Playing,Nippon Ichi Software,0.11,0.05,0.07,0.03,0.27,78.0,28.0,7.6,116.0,Nippon Ichi Software,T
Flag Capture,2600,,Action,Atari,0.25,0.02,0.0,0.0,0.27,,,,,,
Gun,X360,,Shooter,Activision,0.24,0.01,0.0,0.02,0.27,75.0,53.0,7.5,57.0,Neversoft Entertainment,M
Rock Revolution,PS3,,Misc,,0.25,0.0,0.0,0.02,0.27,42.0,20.0,6.6,12.0,"Zoe Mode, HB Studios Multimedia",T
Ultimate NES Remix,3DS,2014.0,Action,,0.15,0.09,0.0,0.02,0.27,69.0,16.0,7.6,32.0,Indies Zero,E
Sonic X: Game Boy Advance Video Volume 1,GBA,2004.0,Misc,,0.19,0.07,0.0,0.0,0.27,,,,,,
LEGO Harry Potter: Years 5-7,PSP,,Action,Warner Bros. Interactive Entertainment,0.1,0.1,0.0,0.06,0.26,,,tbd,,Traveller's Tales,E10+
Dora the Explorer: Game Boy Advance Video Volume 1,GBA,2004.0,Misc,,0.18,0.07,0.0,0.0,0.26,,,,,,
College Hoops 2K6,PS2,,Sports,,0.12,0.1,0.0,0.03,0.25,77.0,14.0,7.3,6.0,2K Sports,E
Cartoon Network Collection: Game Boy Advance Video Volume 1,GBA,2004.0,Misc,,0.18,0.07,0.0,0.0,0.25,,,,,,
Jonah Lomu Rugby Challenge,PS3,,Sports,Home Entertainment Suppliers,0.0,0.19,0.0,0.06,0.25,64.0,6.0,,,Sidhe Interactive,E
Mega Man X Collection,PS2,,Misc,,0.12,0.09,0.0,0.03,0.24,73.0,23.0,8.8,14.0,Capcom,E
BioShock 2,PC,,Shooter,Take-Two Interactive,0.02,0.19,0.0,0.04,0.24,88.0,36.0,8,1247.0,2K Marin,M
All Grown Up!: Game Boy Advance Video Volume 1,GBA,2004.0,Misc,,0.17,0.06,0.0,0.0,0.24,,,,,,
Singularity,PS3,,Shooter,,0.17,0.04,0.01,0.03,0.24,77.0,48.0,7.7,100.0,Raven Software,M
Danganronpa: Trigger Happy Havoc,PSP,,Misc,,0.0,0.0,0.24,0.0,0.24,,,,,,
Jet X20,PS2,,Racing,,0.11,0.09,0.0,0.03,0.23,,,,,,
Tony Hawk's Downhill Jam,Wii,,Sports,Activision,0.21,0.0,0.0,0.02,0.23,69.0,42.0,6.2,13.0,Toys for Bob,E10+
Tribes: Aerial Assault,PS2,,Shooter,,0.11,0.09,0.0,0.03,0.23,73.0,23.0,8.8,47.0,Midway Studios - Austin,T
Big Beach Sports 2,Wii,,Sports,THQ,0.09,0.11,0.0,0.02,0.23,,,tbd,,Jet Black Games,E
Nicktoons Collection: Game Boy Advance Video Volume 2,GBA,2004.0,Misc,,0.16,0.06,0.0,0.0,0.22,,,,,,
LEGO Harry Potter: Years 5-7,PC,,Action,Warner Bros. Interactive Entertainment,0.05,0.14,0.0,0.03,0.22,80.0,5.0,8.5,44.0,Traveller's Tales,E10+
Afrika,PS3,2008.0,Adventure,,0.12,0.0,0.08,0.01,0.22,63.0,12.0,6.2,34.0,Rhino Studios,E10+
Yoostar2,X360,2011.0,Misc,,0.11,0.09,0.0,0.02,0.21,,,,,,
Yu Yu Hakusho: Dark Tournament,PS2,,Fighting,,0.1,0.08,0.0,0.03,0.21,56.0,15.0,8.5,18.0,Digital Fiction,T
Ghostbusters II,2600,,Action,Activision,0.2,0.01,0.0,0.0,0.21,,,,,,
Breakaway IV,2600,,Puzzle,Sears,0.2,0.01,0.0,0.0,0.21,,,,,,
Robotech: Battlecry,XB,,Shooter,,0.16,0.05,0.0,0.01,0.21,74.0,22.0,7,10.0,Vicious Cycle,T
Move Fitness,PS3,,Sports,Sony Computer Entertainment,0.0,0.16,0.0,0.05,0.21,,,,,,
Valkyria Chronicles III: Unrecorded Chronicles,PSP,,Strategy,Sega,0.0,0.0,0.21,0.0,0.21,,,,,Sega,
DanceDanceRevolution II,Wii,,Misc,Konami Digital Entertainment,0.2,0.0,0.0,0.01,0.21,,,tbd,,Konami,E10+
Now! That's What I Call Music: Dance & Sing,Wii,2011.0,Misc,,0.0,0.17,0.0,0.04,0.21,,,,,,
SpongeBob SquarePants: Game Boy Advance Video Volume 3,GBA,2004.0,Misc,,0.15,0.05,0.0,0.0,0.21,,,,,,
WRC: FIA World Rally Championship,PS3,,Racing,Black Bean Games,0.0,0.14,0.01,0.04,0.2,68.0,24.0,4.5,4.0,Milestone S.r.l,
Famista 64,N64,,Sports,Namco Bandai Games,0.0,0.0,0.17,0.03,0.2,,,,,,
Two Worlds II,PC,2011.0,Role-Playing,,0.09,0.09,0.0,0.02,0.2,76.0,31.0,6.5,315.0,Reality Pump,M
Dead Space 3,PC,,Action,Electronic Arts,0.02,0.16,0.0,0.02,0.19,78.0,16.0,6,1096.0,Visceral Games,M
Test Drive Unlimited 2,PC,,Racing,Atari,0.05,0.11,0.0,0.03,0.19,72.0,19.0,5.7,253.0,Eden,T
Pet Zombies,3DS,,Simulation,Majesco Entertainment,0.18,0.0,0.0,0.01,0.19,,,tbd,,1st Playable Productions,T
Chibi-Robo! Park Patrol,DS,2007.0,Adventure,,0.0,0.0,0.19,0.0,0.19,78.0,14.0,7.5,13.0,Skip Ltd.,E
Thomas the Tank Engine & Friends,GBA,2004.0,Adventure,,0.13,0.05,0.0,0.0,0.19,,,,,,
Heavy Fire: Afghanistan,PS3,2011.0,Shooter,,0.17,0.0,0.0,0.02,0.18,39.0,5.0,3.3,16.0,Teyon,T
Star Trek: Legacy,X360,,Simulation,Ubisoft,0.14,0.02,0.0,0.01,0.18,64.0,41.0,5.5,42.0,Mad Doc Software,E10+
Backbreaker,X360,,Sports,,0.17,0.0,0.0,0.01,0.18,54.0,29.0,7.6,68.0,NaturalMotion,E
Twisted Metal: Small Brawl,PS,,Action,,0.1,0.07,0.0,0.01,0.18,51.0,14.0,7.6,49.0,Incognito Inc.,T
Otomedius Excellent,X360,,Shooter,,0.13,0.0,0.04,0.01,0.18,48.0,8.0,8.1,16.0,Konami,T
NBA Starting Five,PS2,,Sports,,0.09,0.07,0.0,0.02,0.18,53.0,10.0,7.3,7.0,Konami,E
Teen Titans,GBA,,Action,,0.13,0.05,0.0,0.0,0.17,61.0,9.0,tbd,,Artificial Mind and Movement,E10+
Trauma Team,Wii,,Simulation,,0.14,0.0,0.02,0.01,0.17,82.0,29.0,8.8,25.0,Atlus,T
Backbreaker,PS3,,Sports,,0.16,0.0,0.0,0.01,0.17,58.0,25.0,7,52.0,NaturalMotion,E
Dragon Ball GT: Game Boy Advance Video Volume 1,GBA,2004.0,Misc,,0.12,0.05,0.0,0.0,0.17,,,,,,
James Cameron's Dark Angel,PS2,,Action,Universal Interactive,0.08,0.07,0.0,0.02,0.17,48.0,17.0,6.5,19.0,Radical Entertainment,T
Codename: Kids Next Door: Game Boy Advance Video Volume 1,GBA,2004.0,Misc,,0.12,0.05,0.0,0.0,0.17,,,,,,
Teenage Mutant Ninja Turtles: Game Boy Advance Video Volume 1,GBA,2004.0,Misc,,0.12,0.04,0.0,0.0,0.17,,,,,,
Sword of the Samurai,PS2,,Fighting,Ubisoft,0.0,0.0,0.17,0.0,0.17,,,,,,
Stronghold 3,PC,2011.0,Strategy,,0.06,0.1,0.0,0.0,0.16,47.0,29.0,3,350.0,FireFly Studios,T
Splatterhouse,PS3,,Action,Namco Bandai Games,0.13,0.02,0.0,0.02,0.16,59.0,49.0,7.7,67.0,"Namco Bandai Games America, Namco Bandai Games",M
Alone in the Dark: The New Nightmare,PS,,Adventure,Infogrames,0.09,0.06,0.0,0.01,0.16,77.0,15.0,8.1,40.0,Darkworks,M
Vegas Party,Wii,,Misc,,0.15,0.0,0.0,0.01,0.16,33.0,6.0,tbd,,Storm City Games,T
Jurassic Park: The Game,X360,,Action,,0.15,0.0,0.0,0.01,0.16,60.0,9.0,3.6,138.0,Telltale Games,T
Home Run,2600,,Sports,Atari,0.14,0.01,0.0,0.0,0.15,,,,,,
Cartoon Network Collection: Game Boy Advance Video Special Edition,GBA,2005.0,Misc,,0.11,0.04,0.0,0.0,0.15,,,,,,
Pok√©mon: Johto Photo Finish: Game Boy Advance Video,GBA,2004.0,Misc,,0.11,0.04,0.0,0.0,0.15,,,,,,
Kids Learn Math: A+ Edition,DS,2011.0,Misc,,0.14,0.0,0.0,0.01,0.15,,,,,,
Strawberry Shortcake: Game Boy Advance Video Volume 1,GBA,2004.0,Misc,,0.11,0.04,0.0,0.0,0.15,,,,,,
eJay Clubworld,PS2,,Misc,Empire Interactive,0.07,0.06,0.0,0.02,0.15,69.0,5.0,8.6,10.0,UDS,E
All-Star Baseball 2005,XB,,Sports,,0.11,0.03,0.0,0.01,0.15,75.0,31.0,8.8,12.0,Acclaim,E
Black * Rock Shooter: The Game,PSP,2011.0,Role-Playing,,0.0,0.0,0.15,0.0,0.15,66.0,19.0,7.2,39.0,"Image Epoch, Imageepoch",T
Terraria,PC,2011.0,Action,,0.0,0.13,0.0,0.01,0.14,83.0,29.0,8.5,1613.0,Re-Logic,T
Bejeweled 3,PS3,,Puzzle,,0.13,0.0,0.0,0.02,0.14,76.0,5.0,8.2,5.0,PopCap,E
Kid Adventures: Sky Captain,Wii,2010.0,Action,,0.09,0.04,0.0,0.01,0.14,,,tbd,,Torus Games,E
Our House Party!,Wii,,Simulation,,0.13,0.0,0.0,0.01,0.14,,,,,,
Power Gig: Rise of the SixString,PS3,2010.0,Misc,,0.13,0.0,0.0,0.01,0.14,36.0,10.0,0.5,4.0,Seven45 Studios,T
WCW Backstage Assault,N64,,Action,,0.11,0.03,0.0,0.0,0.14,,,,,,
Barbie Explorer,PS,2001.0,Platform,,0.08,0.05,0.0,0.01,0.14,,,,,,
Bejeweled 3,X360,,Puzzle,,0.13,0.0,0.0,0.01,0.14,78.0,13.0,8.4,11.0,PopCap,E
Disney's Cinderella: Magical Dreams,GBA,,Platform,Disney Interactive Studios,0.1,0.04,0.0,0.0,0.14,69.0,7.0,tbd,,Culture Brain,E
Transworld Surf,XB,,Sports,Atari,0.1,0.03,0.0,0.0,0.13,76.0,25.0,tbd,,Rockstar San Diego,T
Street Fighter IV,PC,,Fighting,Capcom,0.07,0.05,0.0,0.02,0.13,91.0,23.0,8,352.0,Capcom,T
Farming Simulator 2011,PC,2010.0,Simulation,,0.0,0.13,0.0,0.0,0.13,,,7,23.0,Giants Software,E
Nintendo Puzzle Collection,GC,,Puzzle,,0.0,0.0,0.13,0.0,0.13,,,,,,
Charm Girls Club: My Fashion Mall,DS,,Simulation,,0.12,0.0,0.0,0.01,0.12,,,tbd,,Electronic Arts,E
Record of Agarest War Zero,PS3,,Strategy,Ghostlight,0.09,0.0,0.03,0.01,0.12,50.0,8.0,6.7,37.0,Compile Heart,T
Rocksmith,PC,,Misc,,0.06,0.04,0.0,0.01,0.12,78.0,5.0,8.1,57.0,Ubisoft,T
Super Robot Wars OG Saga: Masou Kishin II - Revelation of Evil God,PSP,,Strategy,,0.0,0.0,0.12,0.0,0.12,,,,,,
Saru! Get You! Million Monkeys,PS2,,Platform,,0.0,0.0,0.12,0.0,0.12,,,,,,
Street Hoops,GC,,Sports,,0.09,0.02,0.0,0.0,0.12,56.0,9.0,7.3,7.0,Black Ops Entertainment,T
WRC: FIA World Rally Championship,X360,,Racing,Black Bean Games,0.0,0.1,0.0,0.02,0.12,66.0,24.0,6,4.0,Milestone S.r.l,E10+
Godzilla: Destroy All Monsters Melee,XB,,Fighting,,0.09,0.03,0.0,0.0,0.12,71.0,20.0,6.8,8.0,"Pipeworks Software, Inc.",T
The Daring Game for Girls,DS,,Adventure,,0.11,0.0,0.0,0.01,0.12,,,tbd,,WXP,E
Power Gig: Rise of the SixString,X360,2010.0,Misc,,0.11,0.0,0.0,0.01,0.12,36.0,20.0,2.1,17.0,Seven45 Studios,T
Major League Baseball 2K6,PSP,,Sports,,0.11,0.0,0.0,0.01,0.12,69.0,5.0,tbd,,Visual Concepts,E
Persona 5,PS3,2016.0,Role-Playing,,0.0,0.0,0.11,0.0,0.11,,,,,Atlus,
Star Trek: Conquest,PS2,,Strategy,Bethesda Softworks,0.06,0.04,0.0,0.01,0.11,54.0,15.0,9.1,10.0,4J Studios,E
Mystery P.I. - Portrait of a Thief,DS,2008.0,Adventure,,0.1,0.0,0.0,0.01,0.11,,,tbd,,PopCap,E
AKB48+Me,3DS,2012.0,Action,,0.0,0.0,0.11,0.0,0.11,,,,,,
GiFTPiA,GC,,Role-Playing,,0.0,0.0,0.11,0.0,0.11,,,,,,
Happy Feet Two,PS3,,Action,Warner Bros. Interactive Entertainment,0.09,0.0,0.0,0.01,0.11,,,,,,
Saigo no Yakusoku no Monogatari,PSP,2011.0,Role-Playing,,0.0,0.0,0.11,0.0,0.11,,,,,,
Disney Channel Collection Vol. 1,GBA,2004.0,Misc,,0.08,0.03,0.0,0.0,0.11,,,,,,
Yoostar2,PS3,2011.0,Misc,,0.04,0.04,0.0,0.02,0.1,54.0,15.0,tbd,,Blitz Games Studios,T
Disney's Chicken Little: Ace In Action,Wii,,Shooter,Disney Interactive Studios,0.09,0.0,0.0,0.01,0.1,72.0,8.0,tbd,,Avalanche Software,E10+
Atsumare! Power Pro Kun no DS Koushien,DS,,Sports,,0.0,0.0,0.1,0.0,0.1,,,,,,
Baten Kaitos Origins,GC,2006.0,Role-Playing,,0.06,0.02,0.02,0.0,0.1,75.0,21.0,8.9,23.0,"Monolith Soft, Namco Bandai Games",T
My Healthy Cooking Coach,DS,,Simulation,,0.09,0.0,0.0,0.01,0.1,,,tbd,,Ubisoft,E
Happy Feet Two,DS,,Action,Warner Bros. Interactive Entertainment,0.08,0.01,0.0,0.01,0.1,,,tbd,,WayForward,E
Luminous Arc 2 (JP sales),DS,,Role-Playing,,0.0,0.0,0.1,0.0,0.1,,,,,,
Happy Feet Two,X360,,Action,Warner Bros. Interactive Entertainment,0.08,0.01,0.0,0.01,0.1,,,,,,
Egg Monster Hero,DS,,Role-Playing,Square Enix,0.0,0.0,0.09,0.0,0.09,,,,,Neverland,E
The Daring Game for Girls,Wii,,Adventure,,0.09,0.0,0.0,0.01,0.09,,,tbd,,WXP,E
Demon Chaos,PS2,,Action,Konami Digital Entertainment,0.0,0.0,0.09,0.0,0.09,,,,,,
Samurai Shodown Anthology,PSP,,Fighting,Ignition Entertainment,0.08,0.0,0.0,0.01,0.09,,,tbd,,SNK Playmore,T
Action Man-Operation Extreme,PS,,Action,,0.05,0.03,0.0,0.01,0.09,,,,,,
Super Puzzle Fighter II,GBA,,Puzzle,Capcom,0.06,0.02,0.0,0.0,0.09,83.0,22.0,9.5,4.0,Atomic Planet Entertainment,E
Charm Girls Club: My Fashion Show,DS,,Simulation,,0.08,0.0,0.0,0.01,0.08,,,tbd,,Electronic Arts,E
Thomas & Friends: Hero of the Rails,DS,2010.0,Misc,,0.0,0.07,0.0,0.01,0.08,,,,,,
The Golf Club,PS4,2014.0,Sports,,0.05,0.02,0.0,0.01,0.08,66.0,11.0,6.3,67.0,HB Studios Multimedia,E
Face Racers: Photo Finish,3DS,,Racing,Majesco Entertainment,0.08,0.0,0.0,0.01,0.08,,,tbd,,Renegade Kid,E
Martian Panic,Wii,2010.0,Adventure,,0.08,0.0,0.0,0.0,0.08,,,tbd,,N-Fusion Interactive Entertainment Corp.,T
Zero: Tsukihami no Kamen,Wii,,Action,Nintendo,0.0,0.0,0.08,0.0,0.08,,,,,Grasshopper Manufacture,
The Hidden,3DS,,Adventure,,0.08,0.0,0.0,0.01,0.08,,,4.2,5.0,1st Playable Productions,E10+
Cartoon Network Collection: Game Boy Advance Video Volume 2,GBA,2004.0,Misc,,0.06,0.02,0.0,0.0,0.08,,,,,,
Get Fit with Mel B,X360,,Sports,Black Bean Games,0.0,0.06,0.0,0.01,0.08,57.0,7.0,,,Lightning Fish Games,E
Rock Revolution,Wii,,Misc,,0.07,0.0,0.0,0.01,0.08,46.0,4.0,tbd,,"Zoe Mode, HB Studios Multimedia",T
Happy Feet Two,Wii,,Action,Warner Bros. Interactive Entertainment,0.06,0.01,0.0,0.01,0.08,,,,,,
Mega Man Battle Network: Operation Shooting Star,DS,,Role-Playing,Capcom,0.0,0.0,0.07,0.0,0.07,,,,,,
Smashing Drive,GC,,Racing,,0.06,0.01,0.0,0.0,0.07,47.0,18.0,5.2,6.0,Point of View,T
Port Royale 3,PS3,,Simulation,Kalypso Media,0.06,0.0,0.0,0.01,0.07,,,8.9,9.0,Kalypso,T
Dream Trigger 3D,3DS,,Shooter,D3Publisher,0.04,0.02,0.0,0.01,0.07,54.0,24.0,6.3,29.0,"Art Co., Ltd.",E
Dead Island: Riptide,PC,,Action,Deep Silver,0.0,0.07,0.0,0.01,0.07,61.0,35.0,6,441.0,Techland,M
Yoostar on MTV,X360,,Misc,,0.07,0.0,0.0,0.01,0.07,49.0,4.0,tbd,,Yoostar Entertainment Group,T
Tornado,DS,,Action,Ignition Entertainment,0.07,0.0,0.0,0.0,0.07,44.0,26.0,tbd,,Skonec,E
McFarlane's Evil Prophecy,PS2,,Action,Konami Digital Entertainment,0.03,0.03,0.0,0.01,0.07,34.0,28.0,3.2,5.0,Konami,M
Drake of the 99 Dragons,XB,,Shooter,,0.05,0.01,0.0,0.0,0.07,22.0,16.0,1.8,37.0,Idol FX,T
Fairy Tail: Zelef Kakusei,PSP,2012.0,Action,,0.0,0.0,0.07,0.0,0.07,,,,,,
Alpha and Omega,DS,2010.0,Action,,0.06,0.0,0.0,0.0,0.07,,,tbd,,Storm City Games,E
Build-A-Bear Workshop: Friendship Valley,Wii,,Misc,,0.06,0.0,0.0,0.0,0.07,,,tbd,,Neko Entertainment,E
Rayman Arena,XB,,Racing,,0.05,0.01,0.0,0.0,0.07,50.0,7.0,tbd,,Ubisoft,E
Port Royale 3,X360,,Simulation,Kalypso Media,0.06,0.0,0.0,0.01,0.07,56.0,11.0,4.5,6.0,Kalypso,T
National Geographic Challenge!,X360,,Misc,,0.06,0.0,0.0,0.0,0.07,,,,,,
Alex Rider: Stormbreaker,DS,,Action,THQ,0.06,0.0,0.0,0.0,0.07,48.0,11.0,6.1,10.0,Altron,T
Kururin Paradise,GBA,2002.0,Puzzle,,0.0,0.0,0.06,0.0,0.06,,,,,,
Speed,Wii,2010.0,Racing,,0.04,0.02,0.0,0.01,0.06,,,tbd,,Zoo Games,E
Chou Soujuu Mecha MG,DS,,Simulation,,0.0,0.0,0.06,0.0,0.06,,,,,,
Prinny: Can I Really Be The Hero? (US sales),PSP,,Action,,0.06,0.0,0.0,0.0,0.06,,,,,,
Combat Elite: WWII Paratroopers,PS2,,Shooter,,0.03,0.02,0.0,0.01,0.06,54.0,12.0,tbd,,BattleBorne,T
Flip's Twisted World,Wii,,Platform,,0.05,0.0,0.0,0.0,0.06,47.0,7.0,tbd,,"Majesco Games, Majesco",E
Mobile Ops: The One Year War,X360,,Simulation,Namco Bandai Games,0.0,0.0,0.06,0.0,0.06,,,,,"Dimps Corporation, Dream Execution",
Pheasants Forever Wingshooter,Wii,2010.0,Shooter,,0.03,0.02,0.0,0.0,0.06,,,tbd,,High Voltage Software,T
Tom Clancy's Rainbow Six: Critical Hour,XB,,Shooter,,0.04,0.01,0.0,0.0,0.06,54.0,10.0,3.6,14.0,Ubisoft Quebec,M
Jewel Link Chronicles: Mountains of Madness,DS,,Puzzle,Avanquest,0.0,0.05,0.0,0.01,0.05,,,tbd,,Avanquest Software,E10+
Captain America: Super Soldier,Wii,,Action,Sega,0.05,0.0,0.0,0.0,0.05,57.0,16.0,6,6.0,High Voltage Software,T
Mountain Bike Adrenaline,PS2,,Sports,,0.03,0.02,0.0,0.01,0.05,,,tbd,,Fresh 3D,E
Drill Dozer,GBA,,Platform,,0.04,0.01,0.0,0.0,0.05,81.0,34.0,8.3,10.0,Game Freak,E
Samantha Swift and the Hidden Roses of Athena,DS,2010.0,Adventure,,0.04,0.01,0.0,0.0,0.05,,,tbd,,Navarre Corp,E
Captain America: Super Soldier,DS,,Action,Sega,0.05,0.0,0.0,0.0,0.05,,,,,,
GRID,DS,,Racing,Codemasters,0.04,0.0,0.0,0.0,0.05,79.0,19.0,8.1,15.0,Firebrand Games,E
Metal Max 2 Reloaded,DS,2011.0,Role-Playing,,0.0,0.0,0.05,0.0,0.05,,,,,,
Tour de France 2011,X360,,Racing,Focus Home Interactive,0.0,0.04,0.0,0.01,0.05,46.0,7.0,7.6,5.0,Cyanide,
Reader Rabbit 2nd Grade,Wii,,Misc,,0.04,0.0,0.0,0.0,0.05,,,tbd,,Graffiti Entertainment,E
Monster Hunter Frontier Online,PS3,,Role-Playing,,0.0,0.0,0.05,0.0,0.05,,,,,,
The Lost Treasures of Alexandria,DS,2011.0,Puzzle,,0.0,0.04,0.0,0.01,0.05,,,,,,
Max & the Magic Marker,DS,2011.0,Platform,,0.0,0.04,0.0,0.0,0.05,,,,,,
Guilty Gear XX Accent Core,PS2,2007.0,Fighting,,0.0,0.0,0.04,0.0,0.04,77.0,9.0,8.3,16.0,Arc System Works,T
RollerCoaster Tycoon,PC,,Strategy,Microprose,0.02,0.02,0.0,0.01,0.04,,,,,Chris Sawyer,E
Battle vs. Chess,PS3,,Misc,TopWare Interactive,0.0,0.03,0.0,0.01,0.04,,,,,"Targem Games, TopWare Interactive",T
Kids Learn Music A+ Edition,DS,2011.0,Misc,,0.04,0.0,0.0,0.0,0.04,,,,,,
The History Channel: Great Battles - Medieval,PS3,,Strategy,Slitherine Software,0.0,0.03,0.0,0.01,0.04,,,,,,
Clockwork Empires,PC,,Strategy,,0.0,0.04,0.0,0.0,0.04,58.0,7.0,3.8,5.0,Gaslamp Games,RP
B.L.U.E.: Legend of Water,PS,,Adventure,,0.0,0.0,0.04,0.0,0.04,,,,,,
Test Drive: Ferrari Legends,PS3,2012.0,Racing,,0.04,0.0,0.0,0.01,0.04,62.0,19.0,4.9,22.0,"Atari, Slightly Mad Studios, Atari SA",E
GRID,PC,,Racing,Codemasters,0.0,0.03,0.0,0.01,0.04,87.0,25.0,7.9,463.0,Codemasters,E
NHL Hitz Pro,GC,,Sports,,0.03,0.01,0.0,0.0,0.04,81.0,15.0,7.8,5.0,Next Level Games,E
North American Hunting Extravaganza 2,Wii,2010.0,Sports,,0.03,0.0,0.0,0.0,0.04,,,,,,
Men of War: Vietnam,PC,2011.0,Strategy,,0.0,0.03,0.0,0.01,0.04,68.0,19.0,4.9,35.0,Best Way,T
Gummy Bears Mini Golf,Wii,2010.0,Sports,,0.04,0.0,0.0,0.0,0.04,,,,,,
Time Travelers,3DS,2012.0,Adventure,,0.0,0.0,0.04,0.0,0.04,,,,,,
Luxor: Pharaoh's Challenge,Wii,,Puzzle,Funsta,0.01,0.02,0.0,0.0,0.04,,,tbd,,MumboJumbo,E
Jewel Quest Mysteries 2: Trail of the Midnight Heart,DS,2011.0,Puzzle,,0.0,0.03,0.0,0.0,0.04,,,,,,
Sega Rally 2006,PS2,,Racing,,0.0,0.0,0.04,0.0,0.04,,,,,,
Train Simulator 2016,PC,2015.0,Simulation,,0.0,0.04,0.0,0.0,0.04,,,4,8.0,Dovetail Games,E
Worms: Ultimate Mayhem,PC,2011.0,Strategy,,0.0,0.03,0.0,0.0,0.04,66.0,4.0,7.8,48.0,Team 17,E10+
Jane's Hotel,DS,2010.0,Simulation,,0.03,0.0,0.0,0.0,0.04,,,tbd,,Zoo Games,E
Half-Minute Hero 2,PSP,,Role-Playing,Rising Star Games,0.0,0.0,0.04,0.0,0.04,,,,,,
Housekeeping,DS,,Action,,0.0,0.0,0.04,0.0,0.04,,,,,,
Major League Baseball 2K8,PSP,,Sports,,0.03,0.0,0.0,0.0,0.03,63.0,5.0,tbd,,Kush Games,E
Gekiatsu!! Pachi Game Tamashi: CR Evangelion - Hajimari no Fukuin,PS3,2010.0,Misc,,0.0,0.0,0.03,0.0,0.03,,,,,,
Sabre Wulf,GBA,,Platform,THQ,0.02,0.01,0.0,0.0,0.03,75.0,27.0,8,4.0,Rare Ltd.,E
Swords,Wii,,Fighting,,0.03,0.0,0.0,0.0,0.03,,,tbd,,Panic Button,T
Junior Island Adventure,DS,2011.0,Puzzle,,0.03,0.0,0.0,0.0,0.03,,,tbd,,"CyberPlanet Interactive Public Co., Ltd., Maximum Family Games",E
Beyond the Labyrinth,3DS,,Role-Playing,,0.0,0.0,0.03,0.0,0.03,,,,,,
Clash of Elementalists,3DS,2013.0,Action,,0.0,0.03,0.0,0.0,0.03,,,,,,
Bikkuriman Daijiten,DS,,Misc,,0.0,0.0,0.03,0.0,0.03,,,,,,
Majesty 2: The Fantasy Kingdom Sim,X360,,Simulation,,0.03,0.0,0.0,0.0,0.03,,,,,"1C, Ino-Co, 1C Company",
The Binding of Isaac,PC,2012.0,Action,,0.0,0.03,0.0,0.0,0.03,84.0,30.0,8.3,1010.0,"Edmund McMillen, Florian Himsl",
Beastly,Wii,2011.0,Misc,,0.03,0.0,0.0,0.0,0.03,,,tbd,,Visual Impact,E10+
Fullmetal Alchemist: Brotherhood,PSP,,Action,,0.0,0.0,0.03,0.0,0.03,,,,,,
Super Meat Boy: Ultra Edition!,PC,2011.0,Platform,,0.0,0.02,0.0,0.01,0.03,,,,,,
The Golf Club,XOne,2014.0,Sports,,0.03,0.0,0.0,0.0,0.03,64.0,15.0,5.4,59.0,HB Studios Multimedia,E
Max & the Magic Marker,Wii,2011.0,Platform,,0.0,0.03,0.0,0.0,0.03,,,,,,
Ao no Kanata no Four Rhythm,PSV,2016.0,Adventure,,0.0,0.0,0.03,0.0,0.03,,,,,,
Take On Helicopters,PC,2011.0,Simulation,,0.0,0.02,0.0,0.01,0.03,70.0,10.0,6.7,28.0,Bohemia Interactive,T
Combat Elite: WWII Paratroopers,XB,,Shooter,,0.02,0.01,0.0,0.0,0.03,56.0,11.0,tbd,,BattleBorne,T
Samurai Spirits: Tenkaichi Kenkakuden,PS2,,Fighting,,0.0,0.0,0.03,0.0,0.03,,,,,,
Gekiatsu!! Pachi Game Tamashi Vol. 1: CR Evangelion - Shinjitsu no Tsubasa,PSP,2011.0,Misc,,0.0,0.0,0.03,0.0,0.03,,,,,,
World of Tanks,X360,,Shooter,,0.0,0.03,0.0,0.0,0.03,,,5.2,9.0,Microsoft Game Studios,
Gekiatsu!! Pachi Game Tamashi Vol. 2: CR Evangelion - Shinjitsu no Tsubasa,PS3,2011.0,Misc,,0.0,0.0,0.03,0.0,0.03,,,,,,
LEGO Legends of Chima: Laval's Journey,DS,2013.0,Adventure,,0.0,0.03,0.0,0.0,0.03,,,tbd,,TT Games,E10+
Battle vs. Chess,PC,,Misc,TopWare Interactive,0.0,0.02,0.0,0.0,0.03,69.0,5.0,5.9,12.0,Targem Games,T
Tom and Jerry in War of the Whiskers,XB,,Fighting,,0.02,0.01,0.0,0.0,0.03,,,,,,
Super Duper Sumos,GBA,,Action,,0.02,0.01,0.0,0.0,0.03,57.0,5.0,tbd,,Handheld Games,E
UK Truck Simulator,PC,2010.0,Simulation,,0.0,0.03,0.0,0.0,0.03,,,,,,
Sengoku Otome: Legend Battle,PSV,2016.0,Action,,0.0,0.0,0.03,0.0,0.03,,,,,,
Bookworm,GBA,2004.0,Puzzle,,0.02,0.01,0.0,0.0,0.03,62.0,5.0,,,PopCap,E
The King of Fighters: Maximum Impact - Maniax,XB,,Fighting,,0.02,0.01,0.0,0.0,0.03,,,,,,
Combat Wings: The Great Battles of WWII,Wii,,Simulation,City Interactive,0.02,0.0,0.0,0.0,0.03,,,,,City Interactive,
Heroes of Hellas 2: Olympia,DS,2012.0,Puzzle,,0.0,0.02,0.0,0.0,0.03,,,,,,
Magicka Collection,PC,2011.0,Adventure,,0.0,0.02,0.0,0.0,0.03,,,7.5,6.0,Paradox Interactive,T
Tube Slider,GC,,Racing,,0.02,0.0,0.0,0.0,0.02,62.0,21.0,tbd,,Nd Cube,E
Umineko no Naku Koro ni San: Shinjitsu to Gensou no Yasoukyoku,PS3,,Adventure,,0.0,0.0,0.02,0.0,0.02,,,,,,
Foto Showdown,DS,2010.0,Role-Playing,,0.02,0.0,0.0,0.0,0.02,,,tbd,,Alpha Unit,E
Payout Poker & Casino,PSP,,Misc,,0.02,0.0,0.0,0.0,0.02,,,,,,
Wii de Asobu: Metroid Prime,Wii,,Shooter,Nintendo,0.0,0.0,0.02,0.0,0.02,,,,,,
Legacy of Ys: Books I & II,DS,,Role-Playing,,0.02,0.0,0.0,0.0,0.02,,,,,,
Blender Bros.,GBA,2002.0,Platform,,0.02,0.01,0.0,0.0,0.02,73.0,10.0,tbd,,AI,E
Farm Frenzy 3,DS,2011.0,Strategy,,0.0,0.02,0.0,0.0,0.02,,,,,,
Ukiyo no Roushi,PSV,2015.0,Action,,0.0,0.0,0.02,0.0,0.02,,,,,,
Love Once: Mermaid's Tears,PS3,2011.0,Adventure,,0.0,0.0,0.02,0.0,0.02,,,,,,
Saint,Wii,,Shooter,,0.02,0.0,0.0,0.0,0.02,,,tbd,,Opera House,E10+
Steal Princess,DS,,Platform,,0.02,0.0,0.0,0.0,0.02,60.0,14.0,tbd,,Climax Entertainment,E10+
Dungeon Defenders,PC,2011.0,Role-Playing,,0.02,0.0,0.0,0.0,0.02,81.0,26.0,7.3,399.0,Trendy Entertainment,E10+
Cities in Motion Collection,PC,2011.0,Simulation,,0.0,0.02,0.0,0.0,0.02,,,tbd,,Paradox Interactive,E
Mario Tennis,3DS,,Sports,,0.0,0.0,0.02,0.0,0.02,,,,,,
Vampire Mansion: Linda Hyde,DS,2011.0,Adventure,,0.0,0.02,0.0,0.0,0.02,,,,,Easy Interactive,E10+
Meikyuu Cross Blood: Reloaded,X360,2011.0,Action,,0.0,0.0,0.02,0.0,0.02,,,,,,
Nicktoons Collection: Game Boy Advance Video Volume 3,GBA,2005.0,Misc,,0.01,0.01,0.0,0.0,0.02,,,,,,
Disney Sports Football,GBA,2002.0,Sports,,0.01,0.01,0.0,0.0,0.02,62.0,4.0,tbd,,Konami,E
Demolition Company: Gold Edition,PC,2011.0,Simulation,,0.0,0.02,0.0,0.0,0.02,,,tbd,,Giants Software,
Airport Simulator,PC,2011.0,Simulation,,0.0,0.02,0.0,0.0,0.02,,,,,,
Runaway: A Twist of Fate,DS,,Adventure,Focus Home Interactive,0.0,0.02,0.0,0.0,0.02,66.0,5.0,,,Pendulo Studios,T
Yu-Gi-Oh! 5D's Wheelie Breakers (JP sales),Wii,,Racing,,0.0,0.0,0.02,0.0,0.02,,,,,,
UFO: Trilogy,PC,2007.0,Strategy,,0.0,0.02,0.0,0.0,0.02,,,,,,
Tantei Opera: Milky Holmes,PSP,2010.0,Adventure,,0.0,0.0,0.02,0.0,0.02,,,,,,
Cabela's Alaskan Adventure,PS2,,Sports,,0.01,0.01,0.0,0.0,0.02,,,,,,
"Moshi, Kono Sekai ni Kami-sama ga Iru to suru Naraba.",PSV,2016.0,Adventure,,0.0,0.0,0.02,0.0,0.02,,,,,,
Thomas & Friends: Hero of the Rails,Wii,2010.0,Misc,,0.0,0.01,0.0,0.0,0.02,,,,,,
Writing and Speaking Beautiful Japanese DS,DS,,Misc,,0.0,0.0,0.02,0.0,0.02,,,,,,
Virtua Quest,PS2,,Role-Playing,,0.01,0.01,0.0,0.0,0.02,53.0,17.0,7.6,5.0,Artificial Mind and Movement,T
Mystery Tales 2: The Spirit Mask,DS,2011.0,Puzzle,,0.0,0.02,0.0,0.0,0.02,,,,,Easy Interactive,E10+
Shonen Jump's Yu-Gi-Oh! GX Card Almanac,DS,,Misc,Konami Digital Entertainment,0.0,0.0,0.02,0.0,0.02,,,,,,
Without Warning,XB,,Shooter,Capcom,0.01,0.0,0.0,0.0,0.02,45.0,25.0,2,5.0,CiRCLE,M
Wild West Shootout,Wii,2010.0,Shooter,,0.01,0.01,0.0,0.0,0.02,,,tbd,,Funbox Media,T
The Dark Hills of Cherai,PC,2009.0,Puzzle,,0.0,0.01,0.0,0.0,0.02,,,tbd,,ChaYoWo Games,
PDC World Championship Darts 2008,DS,,Sports,,0.01,0.0,0.0,0.0,0.02,,,,,,
Dinotopia: The Sunstone Odyssey,GC,,Action,,0.01,0.0,0.0,0.0,0.02,50.0,4.0,tbd,,Vicious Cycle,T
Jet Impulse,DS,,Simulation,Nintendo,0.0,0.0,0.02,0.0,0.02,,,,,,
Dream Dancer,DS,,Misc,,0.01,0.0,0.0,0.0,0.02,,,tbd,,"CyberPlanet Interactive Public Co., Ltd.",E
Dance! It's Your Stage,Wii,,Misc,DTP Entertainment,0.0,0.01,0.0,0.0,0.02,,,,,,
Football Manager 2007,X360,,Sports,Sega,0.0,0.01,0.0,0.0,0.01,,,,,,
Ferrari: The Race Experience,Wii,,Racing,System 3 Arcade Software,0.0,0.01,0.0,0.0,0.01,54.0,4.0,,,System 3,E
Red Stone DS: Akaki Ishi ni Michibikareshi Monotachi,DS,2011.0,Role-Playing,,0.0,0.0,0.01,0.0,0.01,,,,,,
Aquaman: Battle for Atlantis,XB,,Action,,0.01,0.0,0.0,0.0,0.01,26.0,13.0,2.7,15.0,Lucky Chicken,T
Shitsuji ga Aruji o Erabu Toki,PSV,2016.0,Adventure,,0.0,0.0,0.01,0.0,0.01,,,,,,
War for the Overworld,PC,2015.0,Strategy,,0.0,0.01,0.0,0.0,0.01,65.0,14.0,7.7,90.0,Subterranean Games,
WRC: FIA World Rally Championship,PC,,Racing,Black Bean Games,0.0,0.01,0.0,0.0,0.01,65.0,7.0,,,Black Bean Games,RP
Fuuraiki 3,PSV,2015.0,Action,,0.0,0.0,0.01,0.0,0.01,,,,,,
Dark Parables: The Exiled Prince,PC,2011.0,Puzzle,,0.0,0.01,0.0,0.0,0.01,,,tbd,,Blue Tea Games,E10+
Hyakka Yakou,PSV,2015.0,Action,,0.0,0.0,0.01,0.0,0.01,,,,,,
Homeworld Remastered Collection,PC,,Strategy,,0.0,0.01,0.0,0.0,0.01,86.0,49.0,8.2,324.0,Gearbox Software,E10+
Shorts,DS,,Platform,,0.01,0.0,0.0,0.0,0.01,,,tbd,,Artificial Mind and Movement,E10+
AKB1/48: Idol to Guam de Koishitara...,X360,,Misc,,0.0,0.0,0.01,0.0,0.01,,,,,,
Super Robot Monkey Team: Game Boy Advance Video Volume 1,GBA,2005.0,Misc,,0.01,0.0,0.0,0.0,0.01,,,,,,
Brothers in Arms: Furious 4,X360,,Shooter,,0.01,0.0,0.0,0.0,0.01,,,,,Gearbox Software,M
Dance with Devils,PSV,2016.0,Action,,0.0,0.0,0.01,0.0,0.01,,,,,,
Agarest Senki: Re-appearance,PS3,,Role-Playing,Idea Factory,0.0,0.0,0.01,0.0,0.01,,,,,,
PDC World Championship Darts 2008,PSP,,Sports,Oxygen Interactive,0.01,0.0,0.0,0.0,0.01,43.0,7.0,tbd,,Oxygen Interactive,E10+
Freaky Flyers,GC,,Racing,,0.01,0.0,0.0,0.0,0.01,69.0,14.0,6.5,6.0,Midway,T
Inversion,PC,,Shooter,Namco Bandai Games,0.01,0.0,0.0,0.0,0.01,59.0,6.0,6.7,107.0,Saber Interactive,M
Hakuouki: Shinsengumi Kitan,PS3,,Adventure,,0.01,0.0,0.0,0.0,0.01,,,,,,
Virtua Quest,GC,,Role-Playing,,0.01,0.0,0.0,0.0,0.01,55.0,19.0,5.5,12.0,Artificial Mind and Movement,T
"Horse Life 4: My Horse, My Friend, My Champion",3DS,2015.0,Action,,0.0,0.01,0.0,0.0,0.01,,,,,,
The Treasures of Mystery Island 3 Pack - Save Mystery Island!,PC,2011.0,Puzzle,,0.01,0.0,0.0,0.0,0.01,,,,,,
Real Crimes: The Unicorn Killer,DS,2011.0,Puzzle,,0.0,0.01,0.0,0.0,0.01,,,,,,
Driving Simulator 2011,PC,2011.0,Racing,,0.0,0.01,0.0,0.0,0.01,,,,,,
STORM: Frontline Nation,PC,2011.0,Strategy,,0.0,0.01,0.0,0.0,0.01,60.0,12.0,7.2,13.0,SimBin,E10+
Strawberry Nauts,PSV,2016.0,Adventure,,0.0,0.0,0.01,0.0,0.01,,,,,,
